no,url,nama,developer
1,https://uang-cepat.id.aptoide.com/app,Uang Cepat - Pinjaman Duit Cair Tunai Dana Cepat,Huang Bao
2,https://dana-siap.id.aptoide.com/app,Dana Siap - Pinjaman Uang Tunai Dana Cash,GABRIEL RODRIGUEZ
3,https://duit-happy-pinjaman-online.en.softonic.com/android,Duit Happy - Pinjaman Online,PT.Duit Happy Indonesia
4,https://platform-pinjaman-online-tata.en.softonic.com/android,Platform Pinjaman Online TaTa,Resmy Technology
5,https://pinjaman-uang-online-kredit-d.en.softonic.com/android,Pinjaman Uang- Online Kredit D,Wu Mangg
6,https://pinjaman-syariah-online-cepat.en.softonic.com/android,Pinjaman Syariah Online Cepat,Slides Dev
7,https://dana-ribu-pinjaman-online.en.softonic.com/android,Dana Ribu - Pinjaman Online,Dana Ribu
8,https://kredit-rupiah-pinjaman-dana.en.softonic.com/android,Kredit Rupiah-Pinjaman Dana,ROBI SUGARA
9,https://kta-gampang-pinjaman-online-dana-kredit-tunai.en.softonic.com/android,KTA Gampang –Pinjaman Online Dana Kredit Tunai,Rahmad Syarhan
10,https://kilat-cicil-pinjaman-dana.en.softonic.com/android,Kilat Cicil - Pinjaman Dana,Kilat Cicil Dev
11,https://murni-pinjaman-credito-pinjol.en.softonic.com/android,Murni Pinjaman-Credito Pinjol,ARELLANO TAFOLLA AGUSTIN
12,https://pinjaman-angsuran-ty.en.softonic.com/android,Pinjaman Angsuran Ty,Muhamad Technology
13,https://pinjol-kilat-modal-ktp.en.softonic.com/android,Pinjol kilat modal KTP,Xfourteendev
14,https://tunaikan-pinjol-masa-kini.en.softonic.com/android,Tunaikan - pinjol masa kini,Ange demu
15,https://klik-kredit-pinjaman-pinjol.en.softonic.com/android,Klik Kredit-Pinjaman Pinjol,ROBI SUGARA
16,https://dana-mudah-pinjaman-cepat.en.softonic.com/android,Dana Mudah-Pinjaman Cepat,PT. Dana Mudah Indonesia
17,https://kredit-dana.en.softonic.com/android,“PINTAR KREDIT - PINJAMAN UANG ONLINE BUNGA RENDAH,GIKA INDONESIA
18,https://dana-fulus-pinjama-cepat.en.softonic.com/android,Dana Fulus-Pinjama Cepat,PT SEJAHTERA INTERNATIONAL INDONESIA
19,https://apkpure.com/id/pinjam-uang-pinjaman-online-cepat-cair/org.pinjam.uang,Pinjam Uang – Pinjaman Online Cepat Cair,Pinjam Uang Team
20,https://apkpure.com/id/pinjaman-cepat-uang-teman-kredit-talangan-keuangan/koperasi.danasegar.menantiteluwh,Pinjaman Cepat Uang Teman Kredit Talangan Keuangan,PT. Dana Segera Cair
21,https://apkpure.com/id/pinjammudah/com.dompuang.only.connect.branch.restrict.project,PinjamMudah,Audrey Spittler
22,https://apkpure.com/id/rupiah-plus-pinjam-uang-langsung-cair/kes.olnguthank.zxcdfgryujjkmhgf,Rupiah Plus - Pinjam Uang Langsung Cair,PT.Arta Mandiri TBK
23,https://apkpure.com/id/saku-kami-%E2%80%93-kta-online-pinjam-cepat-cair/com.kamisaku.uui,"SAKU KAMI – KTA online, pinjam cepat cair",PT Karya Nusa Mandala
24,https://apkpure.com/pinjam-uang-tempat-pinjaman-tanpa-jaminan-online/id.pinjam.uang,Pinjam Uang - Tempat pinjaman tanpa jaminan online,Meixin Global Fintech
25,https://apkpure.com/pinjaman-uang-online-kredit-cicilan-cepat-cair/kas.danacepattanggap.tangbulanger,Pinjaman Uang Online - Kredit Cicilan Cepat Cair,PT. Dinar Antam jaya
26,https://apkpure.com/pinjaman-uang-tunai-cepat-kredit-tunai-dana-teman/past.cashcepat.pinjamanuangkredittnembh,Pinjaman Uang Tunai Cepat Kredit Tunai Dana Teman,CosmikSemanggi
27,https://danaku-kredit-cepat-pinjaman-uang-online.ua.aptoide.com/app,DanaKu—Kredit Cepat Pinjaman Uang Online,Eric
28,https://go-cash-pinjaman-online-uang-cepat-cepat-go-cash.bd.aptoide.com/app,Go Cash - Pinjaman Dana Tunai Online,Pinjaman Online Uang Cepat Cepat: Go Cash
29,https://cepet-dana-pinjaman-cair-tunai.en.softonic.com/android,Cepet Dana-Pinjaman Cair Tunai,uangcash210209
30,https://easy-dana.en.softonic.com/android,Easy Dana,vivaylien
31,https://dana-flow-pinjama-dana-cepat.en.softonic.com/android,Dana Flow-Pinjama dana cepat,PT SEJAHTERA INTERNATIONAL INDONESIA
32,https://dana-darurat-kredit-tunai.en.softonic.com/android,Dana Darurat - Kredit Tunai,PT.kecemerlangan Fintech Indonesia
33,https://dana-dompet-pinjaman-online.en.softonic.com/android,Dana Dompet-Pinjaman Online,Uang cepat
34,https://easy-dana-pinjaman-tunai-uang.en.softonic.com/android,DANASUMO - PINJAMAN ONLINE CEPAT CAIR TERBARU,PT. Easy Dana Indonesia
35,https://dana-mudah-cicil-pinjaman.en.softonic.com/android,YOKOTO - PINJAMAN ONLINE LANGSUNG CAIR TERBARU,Margo Developer
36,https://rupiah-kasih-dana-cepat.en.softonic.com/android,Rupiah Kasih - Dana Cepat,PT.Rupiah Kasih Indonesia
37,https://sinar-rpro-pinjaman-dana.en.softonic.com/android,Sinar Rpro - Pinjaman Dana,Sinar Rupiah Nusantara
38,https://pasar-kta-pinjaman-uang-online-cepat-dana-cair.it.softonic.com/android,Pasar KTA - Pinjaman Uang Online Cepat Dana Cair,PT Inspira Data Nusa
39,https://pinjaman-tanpa-jaminan-rocket.en.softonic.com/android,Pinjaman Tanpa Jaminan Rocket,Hamdan Technology
40,https://pinjaman-cepat-hhemat-waktu.en.softonic.com/android,Pinjaman Cepat Hhemat Waktu,Shohel Technology
41,https://pintar-cair-pinjaman-24jam.de.softonic.com/android,Pintar Cair Pinjaman 24jam,Pintar Cair
42,https://teman-uang.softonic-id.com/android,Teman Uang,Willhoite Nick
43,https://cheetah-pinjaman-cepat.softonic.com/android,Cheetah-Pinjaman Cepat,Cheetah Pinjaman Cepat
44,https://cara-pinjaman-online-cair-ktp-ded.de.softonic.com/android,Cara Pinjaman Online Cair KTP,NOV Tech.
45,https://rupiah-maju-pinjaman-dana-tunai-online-cair.de.softonic.com/android,Rupiah Maju - Pinjaman dana tunai online cair,PT Rupiah Maju
46,https://ada-dana.en.aptoide.com/app,Ada Dana Pinjam,Cepat 66
47,https://sentral-pinjaman-pinjaman-digital.it.softonic.com/android,Sentral Pinjaman - Pinjaman Digital Mega,Central Finance
48,https://pinjaman-cepat-pinjaman-uang.it.softonic.com/android,Pinjaman Cepat - Pinjaman Uang Dao Gu,
49,https://pinjaman-dana-uang.it.softonic.com/android,Pinjaman Dana Uang Margo,Developer
50,https://duitku-pinjaman-online.it.softonic.com/android,DuitKu-Pinjaman Online cashaman8,
51,https://kya-pinjaman-online.it.softonic.com/android,Kya-Pinjaman Online Vergara,Manuel Zambrano
52,https://danaku-pinjaman-online.it.softonic.com/android,DanaKu-Pinjaman Online Uang,cepat
53,https://pinjaman-cepat-keluarga.it.softonic.com/android,Pinjaman Cepat Keluarga Rashed,Technology
54,https://pinjaman-amanah-kredit.it.softonic.com/android,Pinjaman Amanah - Kredit perusahaan,abadi dana
55,https://tunai-kilat-pinjaman-tunai-qik.it.softonic.com/android,Tunai Kilat-Pinjaman Tunai Perusahaan,Keuangan Anark
56,https://tunai-kilat-pinjaman-tunai.it.softonic.com/android,Tunai Kilat-Pinjaman Tunai Perusahaan,Keuangan Anark
57,https://tunai-pinjaman-pinjaman-uang-tunai-dana-online.it.softonic.com/android,Tunai Pinjaman-Pinjaman Uang Tunai Dana Online Indah,Maya Sari
58,https://kredit-digital-uang-tunai-phq.it.softonic.com/android,Kredit Digital-Uang Tunai PT. Kreditsekali,
59,https://ada-tunai-pinjaman-online.id.softonic.com/android,Ada Tunai-Pinjaman Online,Luis Alberto
60,https://aplikasi-penghasil-uang-nyata.id.softonic.com/android,Aplikasi Penghasil Uang Nyata,Bankjo Finance
61,https://pinjaman-hoki-uang-online.id.softonic.com/android,Pinjaman Hoki-Uang Online,PT. Pinjaman Hoki Indonesia
62,https://pinjaman-kilat-tunai-mudah.id.softonic.com/android,Pinjaman Kilat - Tunai Mudah,ESMIYATI
63,https://pinjaman-tunai-wilmar.id.softonic.com/android,Pinjaman Tunai Wilmar,Lourdes Mondejar
64,https://dana-darurat-layanan.en.softonic.com/android,Dana Darurat - Layanan,Fintech Company
65,https://kotak-koin-credit-dana-cepat.en.softonic.com/android,Kotak Koin - Credit Dana Cepat,PT Coco Digital Technology
66,https://abadi-dana-pinjaman-uang.en.softonic.com/android,Abadi Dana - Pinjaman Uang,Pinjaman Digital
67,https://dana-aman-pinjaman-online-uang-tunai-bunga-rendah.en.softonic.com/android,Dana Aman -Pinjaman Online Uang Tunai Bunga Rendah,Dana Aman
68,https://uang-bahagia-pinjam-uang-dengan-cepat.apk.cafe/,UANG BAHAGIA - PINJAM UANG DENGAN CEPAT,saacSalvant
69,https://pahlawan-pinjaman-pinjaman-online-aman-dan-cepat.apk.cafe/,PAHLAWAN PINJAMAN - PINJAMAN ONLINE AMAN DAN CEPAT,Pahlawan Pinjaman
70,https://cashsaku-pinjaman-online-cepat-cair.apk.cafe/,CASHSAKU-PINJAMAN ONLINE CEPAT CAIR,xin liu
71,https://bunga-dahlia-pinjam-online-cash-dana-uang.apk.cafe/,“BUNGA DAHLIA-PINJAM ONLINE CASH DANA UANG,Bunga Lotus
72,https://pinjam-wallet-tunai-clue.apk.cafe/,PINJAM WALLET TUNAI CLUE,Denim Market APP
73,https://xn--pinjaman-online-cepat-loan-prstamo-cash-money-37d.apk.cafe/,“PINJAMAN ONLINE CEPAT LOAN PRESTAMO-CASH MONEY,Cash Money creditloan
74,https://seaweed-pinjaman-uang-online-kredit.apk.cafe/,RUMPUT LAUT - PINJAMAN UANG ONLINE KREDIT,FinancialTechGroup
75,https://pintar-kredit-pinjaman-uang-online-bunga-rendah.apk.cafe/,“PINTAR KREDIT - PINJAMAN UANG ONLINE BUNGA RENDAH Payindo,
76,https://conston-dana-pinjaman-online.en.softonic.com/android,Conston Dana-Pinjaman Online,Conston Dana-Pinjaman Online
77,https://kredit-dompet-pinjaman-dana.en.softonic.com/android,Kredit Dompet-Pinjaman Dana,PT Dana Mutiara Finansial Teknologi)
78,https://dana-pratama-pinjaman-online.en.softonic.com/android,Dana Pratama - Pinjaman Online,Dana Pratama
79,https://abadi-dana-dompet-bantuan.en.softonic.com/android,Abadi Dana - Dompet Bantuan,Wonderland Tech
80,https://cash-dana-pinjaman-tunai-uang.en.softonic.com/android,Cash Dana-Pinjaman Tunai Uang,PT. Cash Dana Indonesia
81,https://tunai-dana-pinjaman-uang-tun.en.softonic.com/android,Tunai Dana - Pinjaman Uang Tun,He S huai
82,https://hy-pinjam-uang-pinjaman-tunai.en.softonic.com/android,Hy Pinjam Uang:Pinjaman Tunai,Gupta Technology
83,https://dana-mutiara-pinjaman-uang.en.softonic.com/android,Dana Mutiara-Pinjaman Uang,PT. Dana Mutiara Indonesia
84,https://dana-mudah-super-cash.en.softonic.com/android,Dana Mudah - Super Cash,PT Tunai Cair Financial
85,https://www.facebook.com/groups/1491516394867917/posts/1539987266687496/,Ahmad Saun,
86,https://www.facebook.com/groups/763586166019022/posts/776601331384172/,Mahirra Azzahra,
87,https://www.facebook.com/groups/4463052107064656/posts/24115671908042717/,Anonymous Participant,
88,https://www.facebook.com/groups/1436752594268947/posts/1445339690076904/,Intan Revina,
89,https://www.facebook.com/groups/926574837461607/posts/24013866121639152/,Anonymous Participant,
90,https://www.facebook.com/groups/790674358780359/posts/1501810691000052/,Anonymous Participant,
91,https://pinjam-dana-pinjol-modal-ktp.it.softonic.com/android,Pinjam Dana - Pinjol Modal KTP,Dev Denmark
92,https://apkpure.com/id/dana-pribadi/com.three.dana,Dana Pribadi,deisonposer
93,https://apkpure.com/id/onlineutang/com.online.uutang,Online Utang,Sunprime Finance Inc.
94,https://danasumo-pinjaman-online-cepat-cair-terbaru.apkcafe.id/,DANASUMO - PINJAMAN ONLINE CEPAT CAIR TERBARU,cesnehto group
95,https://yokoto-pinjaman-online-langsung-cair-terbaru.apkcafe.id/,YOKOTO - PINJAMAN ONLINE LANGSUNG CAIR TERBARU,cesnehto group
96,https://www.facebook.com/groups/365116904040606/posts/1885081545377460/,Anonymous Participant,
97,https://www.facebook.com/groups/365116904040606/posts/1884977725387842/,pinjaman uang cepat,
98,https://www.facebook.com/groups/365116904040606/posts/1884956092056672/,yolan,
99,https://www.facebook.com/groups/365116904040606/posts/1884939988724949/,Anonymous Participant,
100,https://pinjam-mulus-24-jam-cepat-cair-cukup-ktp-cepat.apkcafe.id/,PINJAM MULUS - 24 JAM CEPAT CAIR CUKUP KTP CEPAT,cesnehto group
101,https://apkpure.net/id/wall-in-pinjaman-uang-cepat/com.jackliu.wall_g_in,Wall in - Pinjaman uang cepat,Upson Trainor
102,https://apkpure.com/id/pas-dana-%E2%80%93-cair-kapan-saja-pas-kamu-butuh/com.pas.danaa,PAS DANA,senag kali8
103,https://apkpure.com/tunai-wallet-pinjaman-uang-tunai/com.tunaiwallet.pinjaman,Pasar KTA - Pinjaman Uang Online Cepat Dana Cair,Tunai Wallet
104,https://hello-duit-dana-happy.en.softonic.com/android,Hello Duit - Dana Happy,PT Hello Duit Lmt
105,https://dana-cepat-pinjaman-online-jcm.en.softonic.com/android,Dana Cepat-Pinjaman Online,Suchart Kaisariman
106,https://uang-dana-pinjaman-tunai-cepat.en.softonic.com/android,Uang Dana-Pinjaman tunai cepat,Branches Studio
107,https://dana-raja-online-cepat-aman.en.softonic.com,Dana Raja Online Cepat Aman,PT Ruixiang International Indonesia
108,https://pinjaman-amanah-kredit.en.softonic.com/android,Pinjaman Amanah - Kredit,Company Abadi Dana
109,https://rupiah-nomplok-pinjaman-duit.softonic-id.com/android,Rupiah Nomplok-Pinjaman Duit,PT Rupiah Nomplok Indonesia
110,https://pinjaman-online-cepat-cair-cukup-ktp-info-pinjam.apkcafe.id/,PinjamDisini (Ani Sa),-
111,https://pinjaman-kilat-tunai-mudah.en.softonic.com/,Pinjaman Kilat - Tunai Mudah,ESMIYATI
112,https://xy-kredit-pinjaman.en.softonic.com/,Kredit Pinjaman,Michael Lee Pollard
113,https://dana-darurat-pinjaman-kredit.en.softonic.com/,Dana Darurat - Pinjaman Kredit,PT Kecemerlangan Fintech Indonesia
114,https://www.facebook.com/groups/1337556824456779/posts/1367268711485590/,URL Facebook,-
115,https://www.facebook.com/groups/1337556824456779/posts/1367203521492109/,URL Facebook,
116,https://www.facebook.com/groups/1337556824456779/posts/1367128998166228/,URL Facebook,
117,https://www.facebook.com/groups/1337556824456779/posts/1367115534834241/,URL Facebook,
118,https://www.facebook.com/groups/1337556824456779/posts/1367086534837141/,URL Facebook,
119,https://www.facebook.com/groups/1337556824456779/posts/1367010841511377/,URL Facebook,
120,https://www.facebook.com/groups/1337556824456779/posts/1366945354851259/,URL Facebook,
121,https://www.facebook.com/groups/1337556824456779/posts/1366457868233341/,URL Facebook,
122,https://www.facebook.com/groups/1337556824456779/posts/1366420174903777/,URL Facebook,
123,https://www.facebook.com/groups/1337556824456779/posts/1366369084908886/,URL Facebook,
124,https://www.facebook.com/groups/1337556824456779/posts/1366312894914505/,URL Facebook,
125,https://www.facebook.com/groups/1337556824456779/posts/1366277384918056/,URL Facebook,
126,https://www.facebook.com/groups/1337556824456779/posts/1366236164922178/,URL Facebook,
127,https://www.facebook.com/groups/1337556824456779/posts/1365586674987127/,URL Facebook,
128,https://www.facebook.com/groups/1337556824456779/posts/1365371908341937/,URL Facebook,
129,https://www.facebook.com/groups/1337556824456779/posts/1365122935033501/,URL Facebook,
130,https://www.facebook.com/groups/1337556824456779/posts/1364928708386257/,URL Facebook,
131,https://www.facebook.com/groups/1337556824456779/posts/1364789265066868/,URL Facebook,
132,https://www.facebook.com/groups/1337556824456779/posts/1364708668408261/,URL Facebook,
133,https://www.facebook.com/groups/1337556824456779/posts/1364587218420406/,URL Facebook,
134,https://www.facebook.com/groups/1337556824456779/posts/1363986241813837/,URL Facebook,
135,https://www.facebook.com/groups/1337556824456779/posts/1363841835161611/,URL Facebook,
136,https://www.facebook.com/groups/1337556824456779/posts/1363784045167390/,URL Facebook,
137,https://www.facebook.com/groups/1337556824456779/posts/1363420311870430/,URL Facebook,
138,https://www.facebook.com/groups/1337556824456779/posts/1363293755216419/,URL Facebook,
139,https://www.facebook.com/groups/1337556824456779/posts/1363192898559838/,URL Facebook,
140,https://www.facebook.com/groups/1337556824456779/posts/1363142178564910/,URL Facebook,
141,https://www.facebook.com/groups/1337556824456779/posts/1363079118571216/,URL Facebook,
142,https://www.facebook.com/groups/1337556824456779/posts/1363003511912110/,URL Facebook,
143,https://www.facebook.com/groups/1337556824456779/posts/1362940091918452/,URL Facebook,
144,https://www.facebook.com/groups/1337556824456779/posts/1362654968613631/,URL Facebook,
145,https://www.facebook.com/groups/1337556824456779/posts/1362454698633658/,URL Facebook,
146,https://kredit-money-instant-loan.apkcafe.id/,Kredit Money - Instant Loan,Kredit Money
147,https://kissht-loan-personal-money.apkcafe.id/,Kissht Loan - Personal Money,Play Oct India
148,https://credits-money.apkcafe.id/,Credits Money,Titan Kit
149,https://money-tank-credit-cash-loan.apkcafe.id/,Money Tank-Credit Cash Loan,S ASIFA
150,https://www.facebook.com/groups/1801323130064409/posts/2762091990654180/,URL Facebook,-
151,https://www.facebook.com/groups/1801323130064409/posts/2762127237317322/,URL Facebook,
152,https://www.facebook.com/groups/1801323130064409/posts/2761823067347739/,URL Facebook,-
153,https://www.facebook.com/groups/137335046139414/posts/694035083802738/,URL Facebook,
154,https://www.facebook.com/groups/137335046139414/posts/693952450477668/,URL Facebook,
155,https://www.facebook.com/groups/137335046139414/posts/693850747154505/,URL Facebook,
156,https://www.facebook.com/groups/137335046139414/posts/693832170489696/,URL Facebook,
157,https://www.facebook.com/groups/137335046139414/posts/693784423827804/,URL Facebook,
158,https://www.facebook.com/groups/1801323130064409/posts/2761740520689327/,URL Facebook,
159,https://www.facebook.com/groups/2224570907917729/posts/2312166399158179/,URL Facebook,
160,https://www.facebook.com/groups/2224570907917729/posts/2311464702561682/,URL Facebook,
161,https://www.facebook.com/groups/2224570907917729/posts/2295183257523160/,URL Facebook,
162,https://www.facebook.com/groups/2808180736178456/posts/3998160233847161/,URL Facebook,
163,https://www.facebook.com/groups/2808180736178456/posts/3997720570557794/,URL Facebook,
164,https://www.facebook.com/groups/2808180736178456/posts/3997830667213451/,URL Facebook,
165,https://credit-cash2.apkcafe.id/,Credit Cash,PanchartDev
166,https://kaskita-tunai.apkcafe.id/,KasKita Tunai,KellySend Maik
167,https://www.facebook.com/groups/2224570907917729/posts/2310731815968304/,URL Facebook,
168,https://www.facebook.com/groups/3144825152483121/posts/3743863549245942/,URL Facebook,
169,https://www.facebook.com/groups/3144825152483121/posts/3743326479299649/,URL Facebook,
170,https://danaku-kredit-cepat-pinjaman-uang-online.mm.aptoide.com/app,DanaKu-Kredit Cepat Pinjaman Uang Online,Eric
171,https://apkpure.com/id/ipinjaman/mobile_loan.mobileloan,iPinjaman,Mohamed Abd Elwahied
172,https://optima-pinjaman-uang-online.apkcafe.id/,Optima - Pinjaman Uang Online,PT ETI
173,https://dana-cash-pinjaman-online-te.en.softonic.com/android,Dana Cash Pinjaman Online Te,Diana M.Mbori
174,https://pinjaman-dana-cicil.en.softonic.com/android,Pinjaman dana cicil,Margo
175,https://apkpure.com/id/bos-uang-rupiah-pinjaman-dana-cepat-mudah-cair/com.bos_uang.app,Bos Uang Rupiah - Pinjaman Dana Cepat,Bos Uang
176,https://apkpure.com/id/petir-uang/com.hqfjcdosepluet.shicjfqheromp,Petir-Uang,Kapoor Boat
177,https://dana-cepat-pinjaman-online.en.softonic.com/android,Dana Cepat-Pinjaman Online,DanaCicil Pro
178,https://dana-cicil-online-pinjam-cepat.en.softonic.com/android,Dana Cicil Online-Pinjam Cepat,DanaCicil Pro
179,https://dana-kita-kat-cepat-online.en.softonic.com/android,Dana Kita - KAT Cepat Online,PT Wanbaolai Internasional Indonesia
180,https://happydana-dana-cepat.en.softonic.com/android,HappyDana - Dana Cepat,HD Co. Ltd.
181,https://dana-pro-pinjaman-cepat.en.softonic.com/android,Dana Pro - PINJAMAN CEPAT,PT Hongxin International Indonesia
182,https://www.facebook.com/groups/5517147038330114/posts/24832414373043425/,URL Facebook,
183,https://www.facebook.com/groups/5517147038330114/posts/24832597213025141/,URL Facebook,
184,https://www.facebook.com/groups/5517147038330114/posts/24808706178747578/,URL Facebook,
185,https://apkcombo.com/id/gocap-cepat-pinjem-duit-gak-pake-ribet/com.gocap.dana.fbs.apps/,GOCAP CEPAT - Pinjem Duit Gak Pake Ribet,Melempar Bantuan
186,https://apkcombo.com/id/dana-kita/danakita.kk1009.com/,Dana Kita,Coy Lee
187,https://www.facebook.com/groups/746636273467927/posts/746691283462426/,URL Facebook,
188,https://www.facebook.com/groups/2327026084153861/posts/2719042568285542/,URL Facebook,
189,https://www.facebook.com/groups/925605465493959/posts/1643152510405914/,URL Facebook,
190,https://www.facebook.com/groups/1489747501987819/posts/1567857677510134/,URL Facebook,
191,https://www.facebook.com/groups/1415879858779867/posts/2480409308993578/,URL Facebook,
192,https://www.facebook.com/groups/335360829065465/posts/405892282012319/,URL Facebook,
193,https://apkcombo.com/ar/uang-siap-talangan-dana-tanpa-agunan/com.cepatcair.newflow/,Uang Siap - Talangan Dana Tanpa Agunan,PT Tangguh Tanggap Aguna
194,https://apkcombo.com/dana-pribadi-dana-cepat-online/com.dana.marks.fee.danapribadi/,Dana Pribadi - Dana Cepat Online,Jennifer Tinnes
195,https://apkcombo.com/danaku/com.loan.danaku/,DanaKu,Qworks
196,https://apkcombo.com/dapat-rupiah-easy-cash-ktedit-online/club.dapatrupiah.business/,Dapat Rupiah-easy cash ktedit online,Alighor bani
197,https://www.facebook.com/groups/5517147038330114/posts/24853836277567901/,URL Facebook,
198,https://www.facebook.com/groups/5517147038330114/posts/24853815174236678/,URL Facebook,
199,https://www.facebook.com/groups/5517147038330114/posts/24852532661031596/,URL Facebook,
200,https://www.facebook.com/groups/5517147038330114/posts/24850106821274180/,URL Facebook,
201,https://www.facebook.com/groups/5517147038330114/posts/24856216837329845/,URL Facebook,
202,https://www.facebook.com/groups/5517147038330114/posts/24852020894416106/,URL Facebook,
203,https://pinjaman-online-kilat-mudah.en.softonic.com,Pinjaman Online - Kilat Mudah,Kesiapsiagaan7701
204,https://apkcombo.com/es/dana-online-kedatangan-cepat/com.huichang.danaonline/,Dana online - Kedatangan cepat,Amelia Byrd
205,https://apkcombo.com/es/dolang/jsxne.njfgyf.ynq.rjx.qhml/,Dolang,Uang Market
206,https://apkcombo.com/es/saku-kita/com.saku.kita/,Saku Kita,Sakukita Cermat
207,https://apkcombo.com/es/saku-mimpi/com.indonesia.tools.message/,Saku mimpi,werasdzxc
208,https://apkcombo.com/es/ticket-vip/com.vip.ticket.in/,Ticket Vip,Losif kagan
209,https://apkcombo.com/fr/daun-hijau/com.hi.daun.jau/,Daun Hijau,Wayland Tyle
210,https://apkcombo.com/fr/saku-peri/id.sakuperi.apk/,Saku peri,Nedhua
211,https://apkcombo.com/fr/saku-pinjaman/com.tl.sakupinjaman/,Saku Pinjaman,onlinepinjam
212,https://abadi-dana-dompet-wif.en.softonic.com/android,Abadi Dana - dompet,company abadi dana
213,https://uang-pinjam-pinjam-dana-cepat.en.softonic.com/android,Uang Pinjam-Pinjam Dana Cepat,Uang Pinjam MyTunai
214,https://dompet-kaya-dana-credit-online.en.softonic.com/android,Dompet Kaya-Dana Credit Online,PT Wanbaolai International Indonesia
215,https://neo-cash-pinjaman-dana-tunai.en.softonic.com/android,Neo Cash - Pinjaman dana tunai,keep wang
216,https://dana-cepat-pinjaman-uang-dana.en.softonic.com/android,Dana Cepat - Pinjaman Uang Dana,Jujube Studio
217,https://dana-kejayaan-uang-online.en.softonic.com/android,Dana Kejayaan - Uang Online,PT Dana Kejayaan Teknologi
218,https://dana-plus.en.softonic.com/android,Dana Plus,DanaPluss
219,hhttps://pinjaman-duit-kta-online.softonic.com/android,Pinjaman Duit KTA Online,Pinjaman Duit
220,https://uang-mudah-ayo-pinjam.softonic.com/android,Uang Mudah - ayo pinjam,PT.Uang Mudah Indonesia
221,https://pinjam-me-pinjaman-uang-online.softonic.com/iphone,Pinjam Me-Pinjaman uang online,LAYANAN KEUANGAN EFFICACY PRIVATE LIMITED
222,https://dana-mudah-super-cash-v82.en.softonic.com/android,Dana Mudah - Super Cash,PT Tunai Cair Financial
223,https://yok-cicil-simulasi-pinjaman.en.softonic.com/android?ex=RAMP-3507.2&rex=true,Yok Cicil - Simulasi Pinjaman,PT Dana Kredit Sosial
224,https://tunai-cepat-pinjaman-uang-dana.en.softonic.com/android?ex=RAMP-3507.0&rex=true,Tunai Cepat-Pinjaman Uang Dana,Jujube Studio
225,https://dana-dana.en.softonic.com/android?ex=RAMP-3507.1&rex=true,Dana Dana,Dana Dana pro
226,https://lucky-uang-pinjam-uang-murah.softonic.com/android,Lucky Uang - Pinjam Uang Murah,PT. Lucky Uang
227,https://duit-gesit-pinjam-gesit-tanpa-ribet.softonic-id.com/android?ex=RAMP-3507.2&rex=true,Duit Gesit - Pinjam Gesit Tanpa Ribet,George S Taylor
228,https://petir-uang-pinjaman-uang.softonic-id.com/android,Petir Uang - Pinjaman Uang,PT Petir Uang Finansindo
229,https://uang-mudah-pinjam-dana-cepat.en.softonic.com/android,Uang Mudah - Pinjam Dana Cepat,Huang Bao
230,https://dana-pro-cepat-uang-dana.en.softonic.com/android,Dana Pro - Cepat Uang Dana,PT KEBIJAKSANAAN INTERNATIONAL INDONESIA
231,https://dana-gokredit-cepat.en.softonic.com/android,Dana GoKredit Cepat,Pinjaman Amanah
232,https://www.facebook.com/groups/1196306474349143/posts/1756426745003777/,URL Facebook,
233,https://www.facebook.com/groups/1225487458759047/posts/1440185383955919/,URL Facebook,
234,https://www.facebook.com/groups/1796336914058050/posts/2508428262848908/,URL Facebook,
235,https://www.facebook.com/groups/280588327881044/posts/672965611976645/,URL Facebook,
236,https://www.facebook.com/groups/3483749861906325/posts/4151652305116074/,URL Facebook,
237,https://www.facebook.com/groups/3498514823702040/posts/4390157254537788/,URL Facebook,
238,https://apkpure.com/brigit-cash-advance-credit/com.hellobrigit.Brigit#google_vignette,URL Facebook,Hữu Võ
239,https://www.facebook.com/groups/1528669197725766/posts/1821944521731564/,URL Facebook,
240,https://www.facebook.com/groups/403964561800896/posts/902313881965959/,URL Facebook,
241,https://www.facebook.com/groups/1428520280969353/posts/2158555684632472/,URL Facebook,
242,https://www.facebook.com/groups/1013527456371824/posts/1427392724985293/,URL Facebook,
243,https://www.facebook.com/groups/377333971462537/posts/808037381725525/,URL Facebook,
244,https://www.facebook.com/groups/270754838616486/posts/858070349884929/,URL Facebook,
245,https://www.facebook.com/groups/3272611556312598/posts/4043220815918331/,URL Facebook,
246,https://www.facebook.com/groups/986412072297338/posts/1759403964998141/,URL Facebook,
247,https://rupiah-now-pinjama-dana-online.en.softonic.com/android,Rupiah Now-Pinjama Dana Online,Pt Dia Ying International Indonesia
248,https://uang-aman-pinjaman-dana.en.softonic.com/android,Uang Aman-Pinjaman Dana,PT. Uang Aman Indonesia
249,https://dana-uang-pinjam-online.softonic.com/,Dana Uang-pinjam online,PERUSAHAAN PINJAMAN DAGDAKS
250,https://www.facebook.com/groups/1133360674243728/posts/1574460530133738/,URL Facebook,
251,https://www.facebook.com/groups/377333971462537/posts/813020581227205/,URL Facebook,
252,https://www.facebook.com/groups/332619334515936/posts/1449694312808427/,URL Facebook,
253,https://www.facebook.com/groups/169028774877274/posts/1125987845848024/,URL Facebook,
254,https://www.facebook.com/groups/667133597633355/posts/1526358471710859/,URL Facebook,
255,https://www.facebook.com/groups/695138335064709/posts/1469406900971178/,URL Facebook,
256,https://www.facebook.com/groups/PinjamanUangTanpaJaminanBayarBulanan/posts/2427467387654748/,URL Facebook,
257,https://www.facebook.com/groups/3535833063123767/posts/31641376255476071/,URL Facebook,
258,https://uang-tunai-pinjaman-uang-cash-dana-cair-cepat.softonic-id.com/android,Uang Tunai - Pinjaman Uang Cash Dana Cair Cepat,huang yong s
259,https://www.facebook.com/groups/1374383529450691/posts/3932749876947364/,URL Facebook,
260,https://www.facebook.com/groups/1558358997706452/posts/2858693891006283/,URL Facebook,
261,https://www.facebook.com/groups/231844753004/posts/10160706358068005/,URL Facebook,
262,https://www.facebook.com/groups/926574837461607/posts/24430820169943743/,URL Facebook,
263,https://www.facebook.com/groups/2899773546958491/posts/3852358655033304/,URL Facebook,
264,https://www.facebook.com/groups/886679256111870/posts/1507043170742139/,URL Facebook,
265,https://www.facebook.com/groups/488375572911185/posts/1357740372641363/,URL Facebook,
266,https://dana-baguslah-murni-online.en.softonic.com/android,Dana Baguslah - murni online,PT.Dana Baguslah Indonesia
267,https://ayo-uang-pinjaman-online-pribadi.softonic-id.com/android,Ayo Uang - Pinjaman online pribadi,Milo Spencer
268,https://black-box-pinjam-uang.en.softonic.com/iphone,Black Box : Pinjam Uang,Black Box Technologies L.l.c
269,https://www.facebook.com/groups/681579389090825/posts/1933746520540766/,URL Facebook,
270,https://www.facebook.com/groups/681579389090825/posts/1936527903595961/,URL Facebook,
271,https://www.facebook.com/groups/681579389090825/posts/1934338960481522/,URL Facebook,
272,https://www.facebook.com/groups/681579389090825/posts/1933391677242917/,URL Facebook,
273,https://www.facebook.com/groups/681579389090825/posts/1931809560734462/,URL Facebook,
274,https://www.facebook.com/groups/254283258793588/posts/1795518804670018/,URL Facebook,
275,https://www.facebook.com/groups/254283258793588/posts/1795461814675717/,URL Facebook,
276,https://www.facebook.com/groups/254283258793588/posts/1795238041364761/,URL Facebook,
277,https://abadi-dana-dompet-wif.en.softonic.com/android?ex=RAMP-3507.3&rex=true,Abadi Dana - dompet,company abadi dana
278,https://fast-kredit-indonesia.en.softonic.com/android,Fast Kredit Indonesia,Fast Kredit Nusantara
279,https://kta-bijak-kredit-pinjaman.en.softonic.com/android,KTA Bijak - Kredit Pinjaman,Mochamad Gatot Susanto
280,https://dana-kilat-pinjaman-online-dana-tunai-aman.softonic-id.com/android,Dana Kilat - Pinjaman Online Dana Tunai Aman,LuckyNine Apps
281,https://dana-uang-pinjam-online.de.softonic.com/iphone,Dana Uang-pinjam online,DAGDAKS LENDING CORPORATION
282,https://cepat-uang-pinjaman-kredit.softonic-id.com/iphone,Cepat Uang - Pinjaman kredit,BAIRAVI FINANCE PRIVATE LIMITED
283,https://cepat-uang.softonic-id.com/android,Cepat Uang,pbpbpbpbpb
284,https://do-it-pinjaman-uang-online.softonic-id.com/android,Do-It Pinjaman Uang Online,Glotech Prima Vista
285,https://dana-uang-pinjam-online.fr.softonic.com/iphone,Dana Uang-pinjam online,DAGDAKS LENDING CORPORATION
286,https://dana-uang-pinjam-online.it.softonic.com/iphone,Dana Uang-pinjam online,DAGDAKS LENDING CORPORATION
287,https://dana-wallet-pinjam-online.en.softonic.com/iphone,Dana Wallet - Pinjam Online,VISMART LENDING CORPORATION
288,https://apkpure.com/id/layar-pinjam/space.layarpinjam.penguin,Layar Pinjam,Becker Vergie
289,https://apkpure.com/id/pinjaman-pertama/com.pertama.nomorsatu,Pinjaman Pertama,Ayo Credo Indonesia
290,https://pinjaman-cepat-pinjaman-uang-tunai-cepat.apkcafe.id/,Pinjaman cepat - Pinjaman Uang Tunai Cepat,larry lending
291,https://instant-personal-loan-app-online-loan-indicash.apkcafe.id/,Instant Personal Loan App Online Loan - LoanBean,Loan & Finance service
292,https://danacair-pinjam-cash-cepat.softonic.com/iphone,DanaCair:Pinjam Cash Cepat,LEXICON FINANCE LIMITED
293,https://danafull-pinjam-loan.softonic.com/android,DanaFull Pinjam - loan,PT Danafull Finance Indonesia
294,https://danakilat-pinjam-kredit-cash.it.softonic.com/iphone,DanaKilat-Pinjam Kredit Cash,SIDHANT FINANCIAL SERVICES LIMITED
295,https://dompet-mudah-pinjam-cepat.en.softonic.com/android,Dompet Mudah - Pinjam Cepat,PT.Dompet Mudah
296,https://pas-dana-cair-kapan-saja-pas-kamu-butuh.softonic-id.com/android,PAS DANA Cair Kapan Saja Pas Kamu Butuh,senag kali8
297,https://dana-bull-dana-tunai-cair.softonic-id.com/android,Dana Bull - Dana Tunai Cair,PT. DANA BULL
298,https://www.facebook.com/groups/542668334275786/posts/1289209739621638/,Anonymous Participant,
299,https://www.facebook.com/groups/542668334275786/posts/1289175696291709/,Anonymous Participant,
300,https://www.facebook.com/groups/542668334275786/posts/1289170639625548/,Anonymous Participant,
301,https://tunai-sayang-cepat-uang.softonic-id.com/android,Tunai Sayang-Cepat Uang,PT. Tunai Sayang Indonesia
302,https://fulus-mas-pinjaman-uang-tunai-cepat.softonic-id.com/android,Fulus Mas - Pinjaman Uang Tunai Cepat,Metin Bas
303,https://lucky-uang-pinjam-uang-murah.softonic-id.com/,Lucky Uang - Pinjam Uang Murah,PT. Lucky Uang
304,https://modal-kilat-pinjaman-uang.softonic-id.com/,Modal Kilat - Pinjaman Uang,ASMUNTI BOI
305,https://petir-uang-pinjaman-uang.en.softonic.com/,Petir Uang - Pinjaman Uang,PT Petir Uang Finansindo
306,https://pinjaman-dana-uang.softonic-id.com/,Pinjaman Dana Uang,Margo Developer
307,https://rupiah-nomplok-pinjaman-duit.en.softonic.com/android,Rupiah Nomplok- Pinjaman Duit,PT.Rupiah Nomplok Indonesia
308,https://rupiah-saku-pinjaman-kredit.en.softonic.com/android,Rupiah Saku - Pinjaman Kredit,PT Rupiah Saku
309,https://kredit-good-pinjaman-online.en.softonic.com/android,Kredit Good - Pinjaman Online,PT.Kredit Good Indonesia
310,https://apkpure.com/id/kelinci-lompat-pinjam-uang-tunai-mudah-cepat-cair/com.sama.tana,Kelinci Lompat- Pinjam Uang Tunai mudah Cepat Cair,Nico Syan
311,https://apkpure.com/id/tunai-plaza-uang-kredit-pinjaman-dana-tunai-online/com.janesi.android.tunaiWallets,Tunai Plaza-Uang Kredit Pinjaman dana tunai online,Berneice Masin
312,https://apkpure.com/id/tunai-kami/tunami.tureami.tuekmi,TUNAI KAMI,NUSANTARA
313,https://apkpure.com/id/kita-patungan-pinjaman-uang-tunai-tanpa-jaminan/com.patungan.kita,Kita Patungan - Pinjaman uang tunai tanpa jaminan,Fajar Rhamdhani
314,https://achilles-cepat-pinjaman-dana-tunai-cepat-cair.softonic-id.com/,Achilles Cepat- Pinjaman Dana Tunai Cepat Cair,UR Cashbank
315,https://cepet-dana-pinjaman-cair-tunai.softonic-id.com/,Cepet Dana-Pinjaman Cair Tunai,uangcash210209
316,https://www.facebook.com/groups/568133938179758/posts/1148110146848798/,URL Facebook,
317,https://www.facebook.com/groups/568133938179758/posts/1147924546867358/,URL Facebook,
318,https://www.facebook.com/groups/1581976662278203/posts/2256962031446326/,URL Facebook,
319,https://www.facebook.com/groups/1581976662278203/posts/2257984574677405/,URL Facebook,
320,https://www.facebook.com/groups/1581976662278203/posts/2257949101347619/,URL Facebook,
321,https://www.facebook.com/groups/1581976662278203/posts/2257930204682842/,URL Facebook,
322,https://www.facebook.com/groups/1581976662278203/posts/2257904201352109/,URL Facebook,
323,https://www.facebook.com/groups/1581976662278203/posts/2257887148020481/,URL Facebook,
324,https://dana-mudah-cicil-pinjaman.softonic-id.com/android,Dana mudah Cicil-PINJAMAN,Margo Developer
325,https://dana-dompet-pinjaman-online.softonic-id.com/android,Dana Dompet-Pinjaman Online,Uang cepat
326,https://easy-dana-pinjaman-tunai-uang.softonic-id.com/android,Easy Dana-Pinjaman Tunai Uang,PT. Easy Dana Indonesia
327,https://tunaikita-online-loans-made-easy.softonic-id.com/android,TunaiKita Pinjaman Uang Tunai Online Dana Cepat,PT. Digital Tunai Kita
328,https://kredit-rupiah-pinjaman-dana.softonic-id.com/android,Kredit Rupiah-Pinjaman Dana,ROBI SUGARA
329,https://kilat-cicil-pinjaman-dana.softonic-id.com/android,Kilat Cicil - Pinjaman Dana,Kilat Cicil Dev
330,https://abadi-dana-pinjaman-uang.softonic-id.com/android,Abadi Dana - Pinjaman Uang,Pinjaman Digital
331,https://dana-cash-pinjaman-online-te.softonic-id.com/android,Dana Cash Pinjaman Online Te,Diana M.Mbori
332,https://www.facebook.com/groups/161174800354501/posts/674115885727054/,URL Facebook,
333,https://www.facebook.com/groups/544524371092519/posts/590911446453811/,URL Facebook,
334,https://www.facebook.com/groups/622087885769353/posts/1522128405765292/,URL Facebook,
335,https://www.facebook.com/groups/1479727836282025/posts/1866365524284919/,URL Facebook,
336,https://www.facebook.com/groups/1689857754479455/posts/3698858240246053/,URL Facebook,
337,https://www.facebook.com/groups/1119842076034822/posts/1211907906828238/,URL Facebook,
338,https://www.facebook.com/groups/2137451930007021/posts/2241461976272682/,URL Facebook,
339,https://www.facebook.com/groups/574415986594605/posts/1358937944809068/,URL Facebook,
340,https://www.facebook.com/groups/1093110998485253/posts/1247962503000101/,URL Facebook,
341,https://www.facebook.com/groups/1262005804269789/posts/2292294191240940/,URL Facebook,
342,https://www.facebook.com/groups/1271329323487167/posts/1295231324430300/,URL Facebook,
343,https://www.facebook.com/groups/541349058499348/posts/638229908811262/,URL Facebook,
344,https://www.facebook.com/groups/276519024639692/posts/276520057972922/,URL Facebook,
345,https://www.facebook.com/groups/556866466055155/posts/1351324689942658/,URL Facebook,
346,https://www.facebook.com/groups/642404598826017/posts/661808930218917/,URL Facebook,
347,https://www.facebook.com/groups/1452522895697388/posts/1572612037021806/,URL Facebook,
348,https://www.facebook.com/groups/688681760016450/posts/1112785310939424/,URL Facebook,
349,https://ayo-pinjaman-tanpa-agunan.en.softonic.com/android,Ayo: Pinjaman Tanpa Agunan,Ayo: Pinjaman Tanpa Agunan
350,https://dana-cash-pinjaman-online-te.en.softonic.com/android,Dana Cash Pinjaman Online Te,Diana M.Mbori
351,https://pinjaman-angsuran-paus-biru.en.softonic.com/,Pinjaman Angsuran Paus Biru,Laurados Santosfranca
352,https://ve-lot-online-pinjaman-pnstan.en.softonic.com/,Ve-lot Online:Pinjaman Pnstan,Namg Pociten
353,https://cash-now-pinjaman-terpercaya.en.softonic.com/,Cash Now Pinjaman Terpercaya,viapramudita
354,https://pinjaman-pedia-tempat-pinjaman-uang-tunai-dana.softonic-id.com/,PINJAMAN PEDIA - Tempat Pinjaman Uang Tunai Dana,PT . AIMARS TECHNOLOGY INDONESIA
355,https://kantong-sahabat-pinjam-uang-tunai-kredit-dana-cash.softonic-id.com/,Kantong Sahabat-Pinjam Uang Tunai Kredit Dana Cash,Gold Park Like
356,https://dana-mudah-pinjaman-cepat.softonic-id.com/,Dana Mudah-Pinjaman Cepat,PT. Dana Mudah Indonesia
357,https://dana-cepat-pinjaman-online.softonic-id.com/,Dana Cepat-Pinjaman Online,DanaCicil Pro
358,https://sinar-rupiah.softonic-id.com/,SINAR RUPIAH,Sinar Rupiah Nusantara
359,https://rupiah-maju-pinjaman-dana-tunai-online-cair.softonic-id.com/,Rupiah Maju - Pinjaman dana tunai online cair,PT Rupiah Maju
360,https://danafix-pinjaman-online.softonic-id.com/,Danafix - Pinjaman Uang Online Kredit Tunai Cepat,PT. DANAFIX ONLINE INDONESIA
361,https://www.facebook.com/groups/1506591416517189/posts/2084413368734988/,URL Facebook,
362,https://www.facebook.com/groups/1407348620281609/posts/1534114404271696/,URL Facebook,
363,https://www.facebook.com/groups/234853053043515/posts/597107310151419/,URL Facebook,
364,https://www.facebook.com/groups/395416639740045/posts/740406665241039/,URL Facebook,
365,https://www.facebook.com/groups/1319729848736237/posts/1501125117263375/,URL Facebook,
366,https://www.facebook.com/groups/432651162831489/posts/803287272434541/,URL Facebook,
367,https://www.facebook.com/groups/1069331755254449/posts/1185414300312860,URL Facebook,
368,https://www.facebook.com/groups/854238402475522/posts/1387197859179571/,URL Facebook,
369,https://www.facebook.com/groups/335360829065465/posts/406985238569690/,URL Facebook,
370,https://www.facebook.com/groups/1093196725536471/posts/1345169003672574/,URL Facebook,
371,https://www.facebook.com/groups/518558074043425/posts/693711593194738/,URL Facebook,
372,https://dana-mudah-super-cash.en.softonic.com/android?ex=RAMP-3507.3&rex=true,Dana Mudah - Super Cash,PT Tunai Cair Financial
373,https://uang-aman-pinjaman-dana.en.softonic.com/android?ex=RAMP-3507.3&rex=true,Uang Aman-Pinjaman Dana,PT. Uang Aman Indonesia
374,https://hello-duit-dana-happy.en.softonic.com/android?ex=RAMP-3507.3&rex=true,Hello Duit - Dana Happy,PT Hello Duit Lmt
375,https://mini-cash-pinjam-cepat.softonic-id.com/,Mini Cash - Pinjam Cepat,personal credit
376,https://kredit-easy-pinjam-dana-uang-cepat-online.softonic-id.com/,Kredit Easy - Pinjam Dana Uang Cepat Online,STACY FRANCIS
377,https://pinjaman-amanah-kredit-cepat.softonic-id.com/,Pinjaman Amanah Kredit Cepat,Pinjaman Amanah
378,https://ayo-uang-pinjaman-online-pribadi.softonic-id.com/,Ayo Uang - Pinjaman online Pribadi APK,Milo Spencer
379,https://dana-mudah-cicil-pinjaman.softonic-id.com/,Dana mudah Cicil - PINJAMAN,Margo
380,https://pinjamanku-solusi-pintar-kebutuhan-finansial.softonic-id.com/,PinjamanKu - Solusi Pintar Kebutuhan Finansial,Nur Aida
381,https://apkcombo.com/id/petir-uang/com.hqfjcdosepluet.shicjfqheromp/,Petir-Uang,Kapoor Boat
382,https://apkcombo.com/nl/raja-uang-tempat-pinjam-uang-online-tanpa-jaminan/com.jh.accountbook/,Raja Uang-Tempat Pinjam uang Online Tanpa Jaminan,Donella Strout
383,https://apkcombo.com/id/oklik-cash-pinjaman-cepat-uang-tunai/com.jkcash.halowallet/,Oklik Cash-Pinjaman Cepat Uang Tunai,RAINBOWCASH.PH LENDING CORP.
384,https://neo-cash-pinjaman-dana-tunai.en.softonic.com/android?ex=RAMP-3700.6&rex=true,Neo Cash - Pinjaman dana tunai,keep wang
385,https://rupiah-kas-pinjaman-online.en.softonic.com/iphone?ex=RAMP-3700.0&rex=true,Rupiah Kas - Pinjaman Online,VINZOL CAPITAL AND FINANCE LIMITED
386,https://witop-pinjaman-cepat.en.softonic.com/android,Witop-Pinjaman Cepat,Silva Dajsoe Riogord
387,https://www.facebook.com/groups/2953087261601125/posts/4214007892175716/,URL Facebook,
388,https://www.facebook.com/groups/2953087261601125/posts/4213574358885736/,URL Facebook,
389,https://dana-me-pinjaman-uang-online.en.softonic.com/iphone,Dana Me - Pinjaman uang online,MINDEX FINCAP PRIVATE LIMITED
390,https://fast-kredit-indonesia.en.softonic.com/android,Fast Kredit Indonesia,Fast Kredit Nusantara
391,https://kta-bijak-kredit-pinjaman.en.softonic.com/android,KTA Bijak - Kredit Pinjaman APK,Mochamad Gatot Susanto
392,https://pinjaman-kelinci-kta-terbaik.en.softonic.com/android,Pinjaman Kelinci - KTA Terbaik,Sarmadi
393,https://platform-pinjaman-online-xot.en.softonic.com/android,“Platform Pinjaman Online XOT,Malek Technology
394,https://apkpure.com/cn/dana-cepat-pinjam-uang-langsung-cair/kes.olnguthank.danacepatyuk,Dana Cepat - Pinjam Uang Langsung Cair,PT Arta Mandiri TBK
395,https://apkpure.com/id/aku-cepat/com.yinni.fastest,Aku Cepat,John Austin)
396,https://apkpure.com/id/banana-duit-uang-pinjam-cepat-online/fdfd.ffdf.addsfs,Banana Duit-Uang Pinjam Cepat Online,Vibhore Lauren
397,https://apkpure.com/id/cepat-uang%E2%80%93-pinjam-mudah-uang-online-duit/indo.cepat.uang,Cepat uang-pinjam mudah uang online duit,Rodriguez TS
398,https://apkpure.com/id/pinjam-aja-pinjaman-online-mudah-dan-cepat/com.pinjamaja.dongfeng.pinjamaja/download,Pinjam Aja - Pinjaman Online Mudah Dan Cepat,Alonso Sidwell)
399,https://www.facebook.com/groups/2891868401102340/posts/4494170037538827/,URL Facebook,
400,https://www.facebook.com/groups/725453126439148/posts/1053758600275264/,URL Facebook,
401,https://www.facebook.com/groups/863012778648829/posts/1334702818146487/,URL Facebook,
402,https://www.facebook.com/groups/187047534490825/posts/432225516639691/,URL Facebook,
403,https://www.facebook.com/groups/1581976662278203/posts/2257838128025383/,URL Facebook,
404,https://www.facebook.com/groups/1555151655255400/posts/1579426782827887/,URL Facebook,
405,https://www.facebook.com/groups/1154842025458943/posts/1530317634578045,URL Facebook,
406,https://www.facebook.com/groups/1579273216153679/posts/1973759916705005/,URL Facebook,
407,https://www.facebook.com/groups/1814725925653737/posts/2300325513760440/,URL Facebook,
408,https://www.facebook.com/groups/628983585933564/posts/997880895710496/,URL Facebook,
409,https://indonesia-uang-pinjaman-aman.en.softonic.com/android,Indonesia Uang-Pinjaman Aman,SANCHEZ MARTINEZ MARIA FERNANDA
410,https://uang-cepat-pinjaman-duit-cai.en.softonic.com/android,Pinjaman PertamaUang Cepat - Pinjaman Duit Cai,Huang Bao
411,https://swan-pinjaman-tunai-pribadi.en.softonic.com/android,Swan Pinjaman Tunai Pribadi,Ninad Technology
412,https://www.facebook.com/groups/481831774736327/posts/633010819618421/,URL Facebook,
413,https://www.facebook.com/groups/1475004643227501/posts/1517083212352977,URL Facebook,
414,https://www.facebook.com/groups/845808303818865/posts/1368029241596766/,URL Facebook,
415,https://www.facebook.com/groups/374343954255528/posts/1099572838399299/,URL Facebook,
416,https://www.facebook.com/groups/891350629103582/posts/1352614446310529/,URL Facebook,
417,https://www.facebook.com/groups/24167001369621709/posts/24950313237957181/,URL Facebook,
418,https://www.facebook.com/groups/1993352297732720/posts/2539513419783269/,URL Facebook,
419,https://pinjam-uang-uang-kilat-hsu.en.softonic.com/android,Pinjam Uang-Uang Kilat,Linnaeus Pendanaan Teknologi
420,https://super-rupiah-aman-dan-cepat.en.softonic.com/android,Super Rupiah - Aman dan Cepat,PT.SUPER RUPIAH INDONESIA
421,https://tunai-instan.en.softonic.com/android,Tunai Instan,Tunai Harian Lite
422,https://aman-rupiah-pinjaman-online.en.softonic.com/android,Aman Rupiah-Pinjaman Online,Luis Alberto)
423,https://lucky-uang-pinjam-uang-murah.en.softonic.com/android?_gl=1*ia4dti*_gcl_au*MTE4MzczNDIxMS4xNzYyOTAzMzY2,Lucky Uang - Pinjam Uang Murah,PT. Lucky Uang)
424,https://pinjam-mudah-uang-online.en.softonic.com/android?_gl=1*3cahsh*_gcl_au*MTE4MzczNDIxMS4xNzYyOTAzMzY2,“Pinjam Mudah - Uang Onlin,SYUELU
425,https://www.facebook.com/groups/568902532306687/posts/846189447911326/,URL Facebook,
426,https://www.facebook.com/groups/228329713394461/posts/827293013498125/,URL Facebook,
427,https://www.facebook.com/groups/761491461828420/posts/1075651603745736/,URL Facebook,
428,https://www.facebook.com/groups/1032345775031375/posts/1164560188476599/,URL Facebook,
429,https://www.facebook.com/groups/1750792586310083/posts/1828114178577923/,URL Facebook,
430,https://www.facebook.com/groups/171001955070293/posts/1247678424069302/,URL Facebook,
431,https://www.facebook.com/groups/575869501696377/posts/829910666292258/,URL Facebook,
432,https://www.facebook.com/groups/924170475952257/posts/1161924752176827/,URL Facebook,
433,https://okp2p-pinjaman-ok-layanan.en.softonic.com/android,OKP2P - Pinjaman ok Layanan,PT. OKE PTOP INDONESIA)
434,https://duitku-pinjaman-online.en.softonic.com/android,DuitKu-Pinjaman Online,cashaman8
435,https://danaku-pinjaman-online.en.softonic.com/android,DanaKu-Pinjaman Online,Uang Cepat
436,https://pinjaman-tunai-baa.en.softonic.com/android,Pinjaman Tunai BAA,Jhosel Valdiviezo Coronel
437,https://dompet-mudah-pinjam-cepat.softonic-id.com/android,Dompet Mudah - Pinjam Cepat,PT.Dompet Mudah)
438,https://indonesia-uang-pinjaman-aman.softonic-id.com/android,Indonesia Uang-Pinjaman Aman,SANCHEZ MARTINEZ MARIA FERNANDA
439,https://kelinci-lompat-pinjam-uang-tunai-mudah-cepat-cair.softonic-id.com/android,Kelinci Lompat - Pinjam Uang Tunai Mudah Cepat Cair,Nico Syan
440,https://dana-pinjam-kredit-pinjam-dana-tunai-online-cepat.softonic-id.com/android,Dana Pinjam - Kredit Pinjam Dana Tunai Online Cepat,Sawayn Ervin
441,https://duit-happy-pinjaman-online.softonic-id.com/android,Duit Happy - Pinjaman Online,PT.Duit Happy Indonesia
442,https://tunai-kilat-pinjaman-tunai-fpt.softonic-id.com/android,Tunai Kilat-Pinjaman Tunai,Perusahaan Keuangan Anark
443,https://uang-pinjam-pinjam-dana-cepat.softonic-id.com/android,Uang Pinjam-Pinjam Dana Cepat APK,Uang Pinjam MyTunai
444,https://uang-mudah-pinjam-dana-cepat.softonic-id.com/android,Uang Mudah - Pinjam Dana Cepat,Huang Bao
445,https://uang-dana-pinjaman-tunai-cepat.softonic-id.com/android,Uang Dana-Pinjaman tunai cepat (,: Branches Studio
446,https://cepat-oke-pinjol-yang-cairnya-paling-cepat.softonic-id.com/android,“Cepat oke - Pinjol yang cairnya paling cepat,PT. Surya Bermuda)
447,https://opsna-cash-aplikasi-cash-tunai-cepat-cair.softonic-id.com/android,Opsna Cash - Aplikasi Cash Tunai Cepat Cair,Jesús Sánchez Moreno
448,https://dana-cepat-pinjaman-online.softonic-id.com/android,“Dana Cepat-Pinjaman Online,DanaCicil Pro
449,https://dana-aman-pinjaman-online-uang-tunai-bunga-rendah.softonic-id.com/android,Dana Aman - Pinjaman Online Uang Tunai Bunga Rendah,Dana Aman
450,https://tunai-pinjaman-pinjaman-uang-tunai-dana-online.softonic-id.com/android,“Tunai Pinjaman-Pinjaman Uang Tunai Dana Online,Indah Maya Sari
451,https://cash-planet-online-loan-app.softonic-id.com/android,Cash Planet - Online Loan App,ASOMI FINANCE PRIVATE LIMITED
452,https://dana-mudah-super-cash-swn.softonic-id.com/android,Dana Mudah - Super Cash,PT Tunai Cair Financial
453,https://tunai-cepat-pinjaman-uang-dana.softonic-id.com/android,“Tunai Cepat-Pinjaman Uang Dana,Jujube Studio
454,https://easy-rupiah-pinjam-dana.it.softonic.com/iphone,Rupiah Mudah - Pinjam Dana (,BUENO LENDING INVESTOR INC.
455,https://cepat-cash-pinjam-online.en.softonic.com/iphone,Cepat Cash - pinjam online,GIRINANDINI MERCANTILE PRIVATE LIMITED)
456,https://258-pinjaman-online-cepat.en.softonic.com/,258-Pinjaman Online Cepat,Riveros Carlosjose
457,https://modal-kilat-pinjaman-uang.en.softonic.com/,Modal Kilat - Pinjaman Uang APK,ASMUNTI BOI
458,https://pinjaman-amanah-kredit-cepat.en.softonic.com/android,Pinjaman Amanah Kredit Cepat,Pinjaman Amanah
459,https://tunai-kilat-pinjaman-cepat.softonic-id.com/android,Tunai Kilat - Pinjaman Cepat,Perusahaan Keuangan Anark
460,https://dana-mantul-pinjam-uang-lebih-mudah.softonic-id.com/android,Dana Mantul - pinjam uang lebih mudah,PT. Permata Maya Nusantara
461,https://dana-cash-pinjaman-online-te.softonic-id.com/,Dana Cash Pinjaman Online Te,Diana M.Mbori
462,https://lucky-uang-pinjam-uang-murah.softonic-id.com/android,Lucky Uang - Pinjam Uang Murah,PT. Lucky Uang
463,https://dana-cepat-pinjaman-online-jcm.softonic-id.com/android,Dana Cepat-Pinjaman Online,chart Kaisariman)
464,https://www.facebook.com/groups/1498009167333833/posts/2220399198428156/,URL Facebook,
465,https://www.facebook.com/groups/868607664644483/posts/1365926508245927/,URL Facebook,
466,https://www.facebook.com/groups/6789261327860527/posts/25053026647724050/,URL Facebook,
467,https://www.facebook.com/groups/835461811644340/posts/1364641568726359/,URL Facebook,
468,https://www.facebook.com/groups/728514955795677/posts/1217748263539008/,URL Facebook,
469,https://www.facebook.com/groups/1154842025458943/posts/1529607624649046/,URL Facebook,
470,https://www.facebook.com/groups/718718716453920/posts/746873926971732/,URL Facebook,
471,https://www.facebook.com/groups/896717332101189/posts/1197439195362333/,URL Facebook,
472,https://www.facebook.com/groups/321350020703812/posts/583694507802694/,URL Facebook,
473,https://www.facebook.com/groups/641624970473279/posts/1038141817488257/,URL Facebook,
474,https://danaku-pinjaman-online.softonic-id.com/android,DanaKu- Pinjaman Online,Uang cepat
475,https://klik-kredit-pinjaman-pinjol.softonic-id.com/android,Klik Kredit-Pinjaman Pinjol,ROBI SUGARA
476,https://pinjamanlincah-pinjam-uang-tunai-cepat.softonic-id.com/android,PinjamanLincah - Pinjam Uang Tunai Cepat,Bustos Casiglia
477,https://tunaiku-cepat-pinjam-uang-cepat-mudah.softonic-id.com/android,TUNAIKU Cepat - Pinjam Uang Cepat Mudah,Reef Tech
478,https://perludana-pinjam-uang-tunai-tanpa-jaminan-cepat.softonic-id.com/android,PerluDana - Piajam uang tunai tanpa jaminan cepat,Kathy.Rios
479,https://dana-cepat-pinjaman-uang-dana.softonic-id.com/android,Dana Cepat - Pinjaman Uang Dana,(Jujube Studio
480,https://dana-dana-pinjaman-online.softonic-id.com/iphone,Dana Dana - Pinjaman Online,STERLING MEGABUCKS PRIVATE LIMITED)
481,https://dana-cepat-pinjaman-online-jcm.softonic-id.com/android,Dana Cepat-Pinjaman Online,Suchart Kaisariman
482,https://www.facebook.com/groups/292346817280574/posts/665006376681281/,URL Facebook,
483,https://www.facebook.com/groups/2279094115765008/posts/2569895566684860/,URL Facebook,
484,https://www.facebook.com/groups/1814725925653737/posts/2245213065938352/,URL Facebook,
485,https://www.facebook.com/groups/1059981045138979/posts/1087551132381970/,URL Facebook,
486,https://www.facebook.com/groups/400608735832743/posts/638823148677966/,URL Facebook,
487,https://www.facebook.com/groups/804611221031989/posts/1186684082824699/,URL Facebook,
488,https://www.facebook.com/groups/1030793467492584/posts/1821887831716473/,URL Facebook,
489,https://www.facebook.com/groups/863012778648829/posts/948168373466602/,URL Facebook,
490,https://www.facebook.com/groups/717055671493571/posts/838011739397963/,URL Facebook,
491,https://www.facebook.com/groups/813839703333828/posts/870116844372780/,URL Facebook,
492,https://www.facebook.com/groups/828639101830811/posts/1651275462900500/,URL Facebook,
493,https://www.facebook.com/groups/2282119252212447/posts/2551487708608932/,URL Facebook,
494,https://pinjaman-online-wow.softonic-id.com/android,Pinjaman online WOW,Abdul Technology
495,https://pinjaman-syariah-online-cepat.softonic-id.com/android,Pinjaman Syariah Online Cepat,Slides Dev
496,https://pinjaman-tanpa-agunan-ftr.softonic-id.com/android,Pinjaman Tanpa Agunan FTR,Limarijose Hormazabal Andres
497,https://pinjaman-tunai-baa.softonic-id.com/android,“Pinjaman Tunai BAA,Jhosel Valdiviezo Coronel
498,https://pinjaman-tunai-wilmar.softonic-id.com/android,“Pinjaman Tunai Wilmar,Lourdes Mondejar
499,https://pinjamindo-pinjaman-uang-onl.softonic-id.com/android,Pinjamindo - Pinjaman Uang Onl APK,PT. Serba Digital Teknologi
500,https://pinjamnow-kvu.softonic-id.com/android,Pinjamnow,CashQu
501,https://dana-darurat-pinjaman-kredit.softonic-id.com/android,Dana Darurat - Pinjaman Kredit,PT.kecemerlangan Fintech Indonesia
502,https://cantik-dana-pinjaman-nyaman.softonic-id.com/android,Cantik Dana - Pinjaman nyaman,PT.Cantik Dana Indonesia
503,https://cash-aku-pinjaman-kredit-uang.softonic-id.com/android,Cash Aku-pinjaman kredit uang,PT Cash Aku Indonesia
504,https://kreditkaya-pinjaman-online.softonic-id.com/iphone,KreditKaya-pinjaman online,QUANTUM HOLDINGS INC.
505,https://kta-gampang-pinjaman-online-dana-kredit-tunai.softonic-id.com/android,KTA Gampang - Pinjaman Online Dana Kredit Tunai,Rahmad Syarhan
506,https://kya-pinjaman-online.softonic-id.com/android,Kya-Pinjaman Online,Vergara Manuel Zambrano
507,https://babox-pinjaman-online.softonic-id.com/iphone,Babox - Pinjaman Online,Ha Danh Tien
508,https://cair-2-juta-pinjam-cepat-tips.softonic-id.com/android,Cair 2 Juta Pinjam Cepat Tips,FinTechno Ltd
509,https://dana-info-pinjaman-dana-onli.softonic-id.com/android,Dana Info - Pinjaman Dana Onli,Info Kredit Pinjaman Online
510,https://dana-joy-pinjama-dana-online.softonic-id.com/android,Dana Joy-Pinjama dana online,Koperasi Simpan Pinjam Citra Abadi Jawa Timur
511,https://dana-me-pinjaman-uang-online.softonic-id.com/iphone,Dana Me - Pinjaman uang online,Mindex Fincap Private Limited
512,https://dana-now-dana-credit-online.softonic-id.com/iphone,Dana Now-Dana Credit Online,Prime Caplease Private Limited
513,https://dana-panas-pinjaman-online.softonic-id.com/iphone,Dana Panas - Pinjaman Online,Koperasi Simpan Pinjam Dana Senja Indonesia
514,https://dana-pro-cepat-uang-dana.softonic-id.com/android,Dana Pro - Cepat Uang Dana,Pt Kebijaksanaan International Indonesia
515,https://dana-saya-pinjaman-online.softonic-id.com/iphone,Dana Saya - Pinjaman online,Prime Caplease Private Limited
516,https://danafix-pinjaman-online-uang.softonic-id.com/iphone,Danafix - Pinjaman Online Uang,Danafix Online Indonesia
517,https://danamu-pinjaman-online-faq.softonic-id.com/android,DanaMu Pinjaman Online FAQ,Jennie Dev
518,https://duitku-pinjaman-online.softonic-id.com/android,DuitKu - Pinjaman Online,Cashaman8
519,https://cahir-kilat-ojk-pinj4m-guide.softonic-id.com/android,Cahir Kilat OJK Pinj4m Guide,Arh Development
520,https://pinjol-500ribu-cair-info.en.softonic.com/android,Pinjol 500Ribu Cair Info,Team Gass
521,https://pinjol-24jam-cepat-cair-hints.en.softonic.com/android,Pinjol 24jam Cepat Cair Hints,Jumuahdev.Online
522,https://tunai-swift-pinjaman-online.en.softonic.com/iphone,Tunai Swift - Pinjaman Online,Growth Well Finlease Private Limited
523,https://dana-ekspres-pinjaman-online.en.softonic.com/iphone,Dana Ekspres - Pinjaman Online,Jay Dee Ess Leasing Company Private Limited
524,https://fast-pinjam-pinjaman-online.en.softonic.com/iphone,Fast Pinjam - Pinjaman Online,Baba Basuki Commercial Private Limited
525,https://pinjaman-online-terbaru-hint.en.softonic.com,Pinjaman Online Terbaru Hint APK,Win Digital Khatulistiwa
526,https://cepat-uang-pinjaman-kredit.en.softonic.com,Cepat Uang - Pinjaman kredit,Bairavi Finance Private Limite
527,https://saku-dompet-pinjaman-online.en.softonic.com,Saku Dompet - Pinjaman Online,Gagalbhai Investments Private Limited
528,https://danakami-pinjaman-uang.en.softonic.com,DanaKami : Pinjaman Uang,Anshika Investments Private Limited
529,https://tunai-kaya-pinjaman-kredit.en.softonic.com,Tunai Kaya - Pinjaman kredit,Supra Trafin Private Limited
530,https://danaplus-pinjaman-online.softonic-id.com/iphone,DanaPlus-Pinjaman Online,Turbopower Viet Nam Company Limited
531,https://danapintar-pinjaman-dana.softonic-id.com/iphone,DanaPintar-Pinjaman Dana,Kan Viet Nam Company Limited
532,https://mudahuang-pinjaman-online.softonic-id.com/iphone,MudahUang - pinjaman online,Suguna Fincorp Private Limited
533,https://adacepat-pinjaman-dana.softonic-id.com/iphone,AdaCepat - Pinjaman Dana,Julina Paulin
534,https://uang-kilat-pinjaman-dana.softonic-id.com/iphone,Uang Kilat - Pinjaman Dana,Ilocandia Fast Cash Corporation
535,https://rupiah-kilat-pinjaman-online.softonic-id.com/iphone,Rupiah Kilat - Pinjaman Online,Ruchika Growth Fund Private Limited
536,https://kilat-cash-uang-cash-online.softonic-id.com/iphone,Kilat Cash - Uang Cash Online,Calcutta Multimax Private Limited
537,https://dana-instan-dana-online-app.softonic-id.com/iphone,Dana Instan - Dana Online App,Dhanpaatra Capital Private Limited
538,https://pinjaman-uang-online-kredit-d.softonic-id.com/android,Pinjaman Uang- Online Kredit,Wu Mangga
539,https://cash-advance-payday-advance.softonic-id.com/android,Cash Advance Payday Advance APK,Sanrus Inc
540,https://cash-to-u.softonic-id.com/iphone,Cash To U,Newmore Company Limited
541,https://cashbox-pro.softonic-id.com/iphone,CashBox Pro,Smart-Tech Electro-Industrial Systems Inc.)
542,https://cashsumber-pinjaman-online.softonic-id.com/iphone,CashSumber - Pinjaman Online,Plaza Fincap Private Limited
543,https://cepat-cash-pinjam-online.softonic-id.com/iphone,Cepat Cash - pinjam online,Girinandini Mercantile Private Limited
544,https://tunai-flexi-pinjaman-online.softonic-id.com/iphone,Tunai Flexi - pinjaman online,Brightskies Technologies Sae
545,https://tunai-swift-pinjaman-online.softonic-id.com/iphone,Tunai Swift - Pinjaman Online,Growth Well Finlease Private Limited
546,https://tuyo-cash.softonic-id.com/android,TuYo Cash,Karla Igrecia
547,https://uang-cair-pinjaman-dana.softonic-id.com/iphone,Uang Cair - Pinjaman Dana,Madhuban Fincare Private Limited
548,https://uang-easy-dana-online-app.softonic-id.com/iphone,Uang Easy - Dana Online App,Calicut Mercantile Finance Limited
549,https://pinjam-murah-pinjaman-online.softonic-id.com/iphone,Pinjam Murah - Pinjaman Online,Ankit Financial Services Private Limited
550,https://cashmagnet-pinjaman-online.softonic-id.com/iphone,CashMagnet - Pinjaman Online,Vikhyat Securities Private Limited
551,https://moneyclub-pinjaman-online.softonic-id.com/iphone,MoneyClub - Pinjaman Online,Gokulesh Commercial Private Limited
552,https://retwets-pinjaman-online.softonic-id.com/iphone,Retwets - Pinjaman Online,Sajid Rehman
553,https://danatunai-pinjaman-online.softonic-id.com/iphone,DanaTunai - Pinjaman Online,Chorsiya Finvest Private Limited
554,https://uang-kilat.softonic-id.com/android,Uang Kilat,Wa Eye
555,https://pinjam-uang-uang-kilat.softonic-id.com/android,Pinjam Uang-Uang Kilat,Linnaeus Pendanaan Teknologi
556,https://modal-kilat-pinjaman-uang.softonic-id.com/android,Modal Kilat - Pinjaman Uang APK,Asmunti Boi
557,https://duit-sayang-kredit-uang-kilat.softonic-id.com/android,Duit Sayang-Kredit Uang Kilat,Pt.Duit Sayang Indonesia
558,https://tunai-kita-pinjam-uang-cepat-kilat-dan-mudah.softonic-id.com/android,Tunai Kita - Pinjam Uang Cepat Kilat dan Mudah,Pack Tech
559,https://dana-cepat-pinjaman-online.softonic-id.com/iphone,Dana Cepat - Pinjaman Online,Koperasi Simpan Pinjam Pulau Bidadari Indonesia
560,https://fast-pinjam-pinjaman-online.softonic-id.com/iphone,Fast Pinjam - Pinjaman Online,Baba Basuki Commercial Private Limited
561,https://rupiah-kas-pinjaman-online.softonic-id.com/iphone,Rupiah Kas - Pinjaman Online,Vinzol Capital And Finance Limited
562,https://cicil-cepat-pinjaman-online.softonic-id.com/iphone,Cicil Cepat - pinjaman online,Hanurang Mercantiles Private Limited
563,https://danarupiah-pinjaman-online.softonic-id.com/iphone,DanaRupiah - Pinjaman Online,Kalkut Vinimay Private Limited
564,https://dana-rakyat-pinjam-online-tips.en.softonic.com/android?ex=RAMP-3582.3&rex=true,Dana Rakyat Pinjam online tips,Denim Market App
565,https://dana-cash-pinjol-ojk-guide.en.softonic.com/android?ex=RAMP-3582.6&rex=true,Dana Cash - Pinjol OJK guide,Novembre Craft
566,https://pinjam-dana-tanpa-ktp-app-info.en.softonic.com/android?ex=RAMP-3582.2&rex=true,Pinjam Dana Tanpa KTP App Info,Apps Digitalize
567,https://rupiah-plus-pinjaman-clue.en.softonic.com/android,Rupiah Plus Pinjaman-Clue,Ldway
568,https://rupiah-cash-cash-pro.en.softonic.com/android,Rupiah Cash Cash Pro,Rupiah Cash Ksp
569,https://rupiah-amanah-uang-mudah.en.softonic.com/android,Rupiah Amanah Uang Mudah APK,Hett
570,https://dearrupiah-kredit-uang-kilat.en.softonic.com/android,DearRupiah - Kredit Uang Kilat,PT.Money Cepat Indonesia
571,https://dompet-emas-pinjama-uang-cepat.en.softonic.com/android,Dompet Emas Pinjama uang cepat,Dompet Emas
572,https://kredit-digital-uang-kilat.en.softonic.com/android,Kredit Digital - Uang Kilat,PT.Kreditsekali
573,https://kredit-berlian-pinjaman-uang.en.softonic.com/android,Kredit Berlian - Pinjaman Uang,PT.Kredit Berlian Indonesia
574,https://lucky-uang-pinjam-uang-murah.en.softonic.com/android,Lucky Uang - Pinjam Uang Murah,PT. Lucky Uang
575,https://cepinjam-pinjam-online-cepat.it.softonic.com/iphone,CePinjam - Pinjam Online Cepat,Start Point For Call Center
576,https://sarung-sakti-tanpa-ktp-clue.en.softonic.com/android,Sarung Sakti -Tanpa KTP Clue,Tor Labs
577,https://naga-dana-pinjaman-advice.en.softonic.com/android,Naga Dana Pinjaman Advice,Tor Labs
578,https://pinjaman-cepat-pinjaman-uang.softonic-id.com/android,Pinjaman Cepat - Pinjaman Uang,Dao Gu
579,https://pinjam-cepat-pinjam-uang-tunai-tanpa-jaminan-cepat.softonic-id.com/android,Pinjam Cepat - Pinjam uang tunai tanpa jaminan cepat,Aleshia McKinnon
580,https://d-duit-pinjamam-uang-cepat.softonic-id.com/android,D-duit pinjaman uang cepat,Dasgupta Charles.rice
581,https://dompet-emas-pinjama-uang-cepat.softonic-id.com/android#google_vignette,Dompet emas pinjama uang cepat,Dompet emas
582,https://pinjaman-uang-tunai-dana-cepat.softonic-id.com/android,Pinjaman Uang - Tunai Dana Cepat,Branches Studio
583,https://www.facebook.com/groups/708654407514798/posts/1147816793598555/,URL Facebook,
584,https://www.facebook.com/groups/708654407514798/posts/1177017830678451/,URL Facebook,
585,https://www.facebook.com/groups/708654407514798/posts/1158238275889740/,URL Facebook,
586,https://www.facebook.com/groups/708654407514798/posts/1152904696423098/,URL Facebook,
587,https://cepat-kas-pinjam-online.softonic-id.com/iphone,Cepat Kas - Pinjam Online Lakshmi,Narsimha Finbiz Limited
588,https://pinjaman-online-kilat-mudah.en.softonic.com,KreditKaya-pinjaman online Quantum,Holdings Inc
589,https://www.facebook.com/groups/708654407514798/posts/1161352765578291/,URL Facebook,
590,https://www.facebook.com/groups/708654407514798/posts/1154301666283401/,URL Facebook,
591,https://www.facebook.com/groups/254283258793588/posts/1855371492018082/,URL Facebook,
592,https://www.facebook.com/groups/254283258793588/posts/1856076261947605/,URL Facebook,
593,https://www.facebook.com/groups/254283258793588/posts/1856262028595695/,URL Facebook,
594,https://www.facebook.com/groups/254283258793588/posts/1855877395300825/,URL Facebook,
595,https://www.facebook.com/groups/254283258793588/posts/1853925842162647/,URL Facebook,
596,https://www.facebook.com/groups/254283258793588/posts/1855226242032607/,URL Facebook,
597,https://www.facebook.com/groups/254283258793588/posts/1855225185366046/,URL Facebook,
598,https://www.facebook.com/groups/254283258793588/posts/1853231655565399/,URL Facebook,
599,https://www.facebook.com/groups/254283258793588/posts/1854664048755493/,URL Facebook,
600,https://www.facebook.com/groups/254283258793588/posts/1854654738756424/,URL Facebook,
601,https://www.facebook.com/groups/254283258793588/posts/1856125365276028/,URL Facebook,
602,https://dana-uang-pinjam-online.en.softonic.com/iphone,Dana Uang - Pinjam Online,DAGDAKS LENDING CORPORATION
603,https://tunai-instan-dana-online-app.en.softonic.com/iphone,Tunai Instan - Dana Online App,DAGA ENTRADE PRIVATE LIMITED
604,https://dana-dana-pinjaman-online.en.softonic.com/iphone,Dana Dana - Pinjaman Online,STERLING MEGABUCKS PRIVATE LIMITED
605,https://dana-now-dana-credit-online.en.softonic.com/iphone,Dana Now - Dana Credit Online,KOPERASI SIMPAN PINJAM DANA SENJA INDONESIA
606,https://dana-teratas-dana-cepat-kredit.en.softonic.com/iphone,Dana Teratas - Dana Cepat Kredit,PRINCEP TRADE AND FINANCE PRIVATE LIMITED
607,https://www.facebook.com/groups/1005883192883445/posts/3293732784098463/,URL Facebook,
608,https://www.facebook.com/groups/1005883192883445/posts/3293697947435280/,URL Facebook,
609,https://www.facebook.com/groups/1005883192883445/posts/3302699236535151/,URL Facebook,
610,https://www.facebook.com/groups/1005883192883445/posts/3300385670099841/,URL Facebook,
611,https://www.facebook.com/groups/1005883192883445/posts/3299862503485491/,URL Facebook,
612,https://www.facebook.com/groups/1005883192883445/posts/3294265900711818/,URL Facebook,
613,https://www.facebook.com/groups/1005883192883445/posts/3294114864060255/,URL Facebook,
614,https://www.facebook.com/groups/1005883192883445/posts/3293853087419766/,URL Facebook,
615,https://www.facebook.com/groups/1005883192883445/posts/3291948454276896/,URL Facebook,
616,https://www.facebook.com/groups/1049184089108182/posts/1721034571923127/,URL Facebook,
617,https://www.facebook.com/groups/1049184089108182/posts/1700996630593588/,URL Facebook,
618,https://www.facebook.com/groups/1049184089108182/posts/1603351377024781/,URL Facebook,
619,https://www.facebook.com/groups/1049184089108182/posts/1566083390751580/,URL Facebook,
620,https://www.facebook.com/groups/1049184089108182/posts/1562378094455443/,URL Facebook,
621,https://www.facebook.com/groups/1049184089108182/posts/1556746368351949/,URL Facebook,
622,https://www.facebook.com/groups/1049184089108182/posts/1476092073084046/,URL Facebook,
623,https://www.facebook.com/groups/1049184089108182/posts/1459873214705932/,URL Facebook,
624,https://www.facebook.com/groups/2892689164352302/posts/3933198543634687/,URL Facebook,
625,https://www.facebook.com/groups/2892689164352302/posts/3932414380379770/,URL Facebook,
626,https://www.facebook.com/groups/2892689164352302/posts/3931657220455486/,URL Facebook,
627,https://www.facebook.com/groups/2892689164352302/posts/3931362040485004/,URL Facebook,
628,https://www.facebook.com/groups/2892689164352302/posts/3920961698191705/,URL Facebook,
629,https://pinjaman-online-kilat-mudah.softonic-id.com/android,Pinjaman Online - Kilat Mudah,Kesiapsiagaan7701
630,https://dearrupiah-kredit-uang-kilat.softonic-id.com/android,DearRupiah - Kredit Uang Kilat,PT.Money Cepat Indonesia
631,https://kantong-sukses-pinjam-uang-tunai-rupiah-cepat.softonic-id.com/android,Kantong Sukses - Pinjam Uang Tunai Rupiah Cepat,Kantong Kilat
632,https://pinjam-yuk-pinjam-uang-kilat.softonic-id.com/android,Pinjam Yuk - Pinjam Uang Kilat,Solution Inc Developer
633,https://kredit-digital-uang-kilat.softonic-id.com/android,Kredit Digital - Uang Kilat,PT.Kreditsekali | Program Lainnya (3)
634,https://www.facebook.com/groups/708654407514798/posts/1184552293258338/,URL Facebook,
635,https://www.facebook.com/groups/708654407514798/posts/1149313316782236/,URL Facebook,
636,https://www.facebook.com/groups/708654407514798/posts/1156100722770162/,URL Facebook,
637,https://www.facebook.com/groups/708654407514798/posts/1184686043244963/,URL Facebook,
638,https://www.facebook.com/groups/708654407514798/posts/1157442312636003/,URL Facebook,
639,https://www.facebook.com/groups/708654407514798/posts/1146815610365340/,URL Facebook,
640,https://www.facebook.com/groups/708654407514798/posts/1145539773826257/,URL Facebook,
641,https://www.facebook.com/groups/708654407514798/posts/1150431253337109/,URL Facebook,
642,https://www.facebook.com/groups/708654407514798/posts/1144480427265525/,URL Facebook,
643,https://www.facebook.com/groups/708654407514798/posts/1144109213969313/,URL Facebook,
644,https://www.facebook.com/groups/708654407514798/posts/1151167986596769/,URL Facebook,
645,https://www.facebook.com/groups/708654407514798/posts/1157458602634374/,URL Facebook,
646,https://www.facebook.com/groups/708654407514798/posts/1159033772476857/,URL Facebook,
647,https://www.facebook.com/groups/708654407514798/posts/1158846959162205/,URL Facebook,
648,https://www.facebook.com/groups/708654407514798/posts/1158508102529424/,URL Facebook,
649,https://www.facebook.com/groups/708654407514798/posts/1158285915884976/,URL Facebook,
650,https://www.facebook.com/groups/708654407514798/posts/1158035139243387/,URL Facebook,
651,https://www.facebook.com/groups/708654407514798/posts/1157014692678765/,URL Facebook,
652,https://www.facebook.com/groups/708654407514798/posts/1156850272695207/,URL Facebook,
653,https://www.facebook.com/groups/708654407514798/posts/1156054152774819/,URL Facebook,
654,https://www.facebook.com/groups/708654407514798/posts/1111764390537129/,URL Facebook,
655,https://www.facebook.com/groups/708654407514798/posts/1146317343748500/,URL Facebook,
656,https://www.facebook.com/groups/708654407514798/posts/1150592216654346/,URL Facebook,
657,https://www.facebook.com/groups/708654407514798/posts/1150448460002055/,URL Facebook,
658,https://www.facebook.com/groups/708654407514798/posts/1146471560399745/,URL Facebook,
659,https://dana-instan-dana-online-app.en.softonic.com/iphone,Dana Instan - Dana Online App,Dhanpaatra Capital Private Limited
660,https://dana-fleksibel-dana-online-app.en.softonic.com/iphone,Dana Fleksibel - Dana Online App,JAIKAPEESH CAPITAL PRIVATE LIMITED
661,https://instanrupiah-dana-online.en.softonic.com/iphone,InstanRupiah - Dana Online,MEGHANA CORPORATE PRIVATE LIMITED
662,https://rupiahkami-pinjaman-dana.en.softonic.com/iphone,Rupiah Kami - Pinjaman Dana,CALLIGRAPHY LENDING INC
663,https://halo-dana-pinjaman-online.en.softonic.com/iphone,Halo Dana - Pinjaman Online,SRIDHAR FINVEST LIMITED
664,https://easy-dana-pinjaman-online.en.softonic.com/iphone,Easy Dana - Pinjaman Online,KHAZANA TRADELINKS PRIVATE LIMITED
665,https://dana-saya-pinjaman-online.en.softonic.com/iphone,Dana Saya - Pinjaman Online,PRIME CAPLIASE PRIVATE LIMITED
666,https://dana-baru-pinjaman-pribadi.en.softonic.com/iphone,Dana Baru - Pinjaman Pribadi,JEWEL STRIPS PRIVATE LIMITED
667,https://pinjam-ceria-pinjaman-online.en.softonic.com/iphone,Pinjam Ceria - Pinjaman Online,SHANDYA FINANCE LIMITED
668,https://pinjam-nyaman-dana-cepat.it.softonic.com/iphone,Pinjam Nyaman - Dana Cepat,ASAMI FARMER FINANCE PRIVATE LIMITED
669,https://koperasi-simpan-pinjam.softonic.com/android,Koperasi Simpan Pinjam APK,PT Sinar Teknologi Retailindo
670,https://uang-mudah-ayo-pinjam.it.softonic.com/android,Uang Mudah - Ayo Pinjam,PT Uang Mudah Indonesia
671,https://pinjam-murah-pinjaman-online.en.softonic.com/iphone,Pinjam Murah - Pinjaman Online,ANKIT FINANCIAL SERVICE LIMITED
672,https://new-cash-pinjam-uang-kredit-dana-tunai.softonic-id.com/android,New Cash - Pinjam Uang Kredit Dana Tunai,Resolusiweb Developer
673,https://cara-pinjam-saldo-dana.en.softonic.com/android,Cara Pinjam Saldo Dana APK,TUNAY
674,https://pinjam-3jt-cicil-40-bulan-hint.en.softonic.com/android,Pinjam 3jt Cicil 40 Bulan Hint APK,Apps Digitalize | More Programs
675,https://dana-rakyat-pinjam-online-tips-hgp.en.softonic.com/android,Tips Dana Rakyat Pinjam Online,Babil Farisi
676,https://www.facebook.com/groups/171001955070293/user/100003354601991/,Acep,
677,https://www.facebook.com/groups/1966521516934147/user/61579379960901/,Sintia Bela,
678,https://www.facebook.com/groups/981781889688634/user/61569023310526/,Sely Agustina,
679,https://dana-flexi-uang-cepat.softonic-id.com/iphone,Dana Flexi - Uang Cepat,The Hi-tech Gears Limited
680,https://danamitra-pinjaman-dana-cepat.softonic-id.com/iphone,DanaMitra - Pinjaman Dana Cepat,Agung Raya
681,https://dana-pintar-pinjaman-cepat.softonic-id.com/iphone,Dana Pintar: Pinjaman Cepat,I.n.t Netlink Technologies Llc
682,https://doku-cepat-pinjaman-dana.softonic-id.com/iphone,Doku Cepat - Pinjaman Dana,MUTHALAGU FINANCE PRIVATE LIMITED
683,https://pinjam-nyaman-dana-cepat.softonic-id.com/iphone,Pinjam Nyaman - Dana Cepat,ASAMI FARMER FINANCE PRIVATE LIMITED
684,https://dana-kredit-uang-online-cash.softonic-id.com/iphone,Dana Kredit Uang Online Cash,Combine Overseas Limited
685,https://kitarupiah.softonic-id.com/iphone,KitaRupiah Indian,Aviotronics A Division of DMG Finance Investments
686,https://dompet-pulsa-cepat-cash-online.softonic-id.com/iphone,Dompet Pulsa-Cepat Cash Online,ASSETS FINANCE PRIVATE LIMITED
687,https://jalur-laba.softonic-id.com/android,Cash Dana - Pinjaman Uang Tunai Dana Cepat Cair,Zeli
688,https://pintar-cair-pinjaman-24jam.softonic-id.com/android,Pintar Cair Pinjaman 24jam,Pintar Cair
689,https://aman-rupiah-pinjaman-online.softonic-id.com/android,Aman Rupiah-Pinjaman Online,LUIS ALBERTO
690,https://achilles-cepat-pinjaman-dana-tunai-cepat-cair.softonic-id.com/android,Achilles Cepat - Pinjaman Dana Tunai cepat cair,Ur Cashbank
691,https://pinjol-600rb-cepat-cair-info.softonic-id.com/android,Pinjol 600rb Cepat Cair Info,Kucai
692,https://pinjol-cepat-cair-aman-tips-vr0.softonic-id.com/android,Pinjol Cepat Cair Aman Tips,Pinjol Tech Helper
693,https://tunai-instan.softonic-id.com/android,Tunai Instan,Tunai Harian Lite
694,https://uang-cepat-mudah-pinjaman-uang-tunai-online.softonic-id.com/android,Uang Cepat - Mudah Pinjaman Uang Tunai Online,Jeanetta Sellers
695,https://danasegera-pinjaman-uang-dana-tunai-online-cepat.softonic-id.com/android,DanaSegera - Pinjaman Uang Dana Tunai Online Cepat APK,KSP Dana Mitra Sejahtera Abadi
696,https://neo-cash-pinjaman-dana-tunai.softonic-id.com/android,Neo Cash - Pinjaman Dana Tunai,keep wang
697,https://kantong-sahabat-pinjam-uang-tunai-kredit-dana-cash.softonic-id.com/android,Kantong Sahabat - Pinjam Uang Tunai Kredit Dana Cash,Gold Park Like
698,https://saya-modalin-pinjaman-rupiah-uang-tunai-dana-idr.softonic-id.com/android,Saya Modalin - Pinjaman Rupiah Uang Tunai Dana Idr,PT. MINITECH FINANCE INDONESIA
699,https://saku-tunai.softonic-id.com/android,Saku Tunai,donaldmay4928
700,https://rupiah-petir-pinjam-uang-tunai-kredit-dana-cash.softonic-id.com/android,Rupiah Petir - Pinjam Uang Tunai Kredit Dana Cash,Landi CONWELL
701,https://rupiah-plus-pinjaman-clue.softonic-id.com/android,Rupiah Plus Pinjaman - Clue,LDWay
702,https://duit-panas-pinjaman-online.softonic-id.com/android,Duit panas-pinjaman online,KOPERASI SIMPAN PINJAM IDA WELAS RASA
703,https://kredit-easy-pinjam-dana-uang-cepat-online.softonic-id.com/android,Kredit Easy-Pinjam Dana Uang Cepat Online APK,STACY FRANCIS
704,https://apelbox-dana-dengan-cepat.softonic-id.com/android,apelbox - dana dengan cepat,Crosby Graza
705,https://dana-cicil-online-pinjam-cepat.softonic-id.com/android,Dana Cicil Online - Pinjam Cepat,DanaCicil Pro
706,https://www.facebook.com/groups/1740911913367664/posts/1905861926872661/,URL Facebook,
707,https://www.facebook.com/groups/666449662346262/posts/1057194776605080/,URL Facebook,
708,https://www.facebook.com/groups/363204276268349/posts/767327425856030/,URL Facebook,
709,https://www.facebook.com/groups/2891868401102340/posts/4350209801934852/,URL Facebook,
710,https://www.facebook.com/groups/891824288993864/posts/1267787221397567/,URL Facebook,
711,https://www.facebook.com/groups/364112662942078/posts/714990081187666/,URL Facebook,
712,https://www.facebook.com/groups/2376861415984459/posts/2555651211438811/,URL Facebook,
713,https://www.facebook.com/groups/612783041312305/posts/755006163756658/,URL Facebook,
714,https://www.facebook.com/groups/623783939318760/posts/674759064221247/,URL Facebook,
715,https://www.facebook.com/groups/410525084749272/posts/646858334449278/,URL Facebook,
716,https://www.facebook.com/groups/339645435449884/posts/685644357516655/,URL Facebook,
717,https://www.facebook.com/groups/1444865769745622/posts/1458773068354892/,URL Facebook,
718,https://www.facebook.com/groups/999485365168401/posts/1290557196061215/,URL Facebook,
719,https://www.facebook.com/groups/936863471188708/posts/1305515080990210/,URL Facebook,
720,https://www.facebook.com/groups/1673647389783788/posts/2082971922184664/,URL Facebook,
721,https://www.facebook.com/groups/584519854242584/posts/623090083718894/,URL Facebook,
722,https://www.facebook.com/groups/722697979562442/posts/1253543503144551/,URL Facebook,
723,https://www.facebook.com/groups/722697979562442/posts/1253422866489948/,URL Facebook,
724,https://www.facebook.com/groups/722697979562442/posts/858902942608611/,URL Facebook,
725,https://www.facebook.com/groups/722697979562442/posts/859434965888742/,URL Facebook,
726,https://www.facebook.com/groups/722697979562442/posts/851628600002712/,URL Facebook,
727,https://www.facebook.com/groups/722697979562442/posts/859434965888742/,URL Facebook,
728,https://www.facebook.com/groups/722697979562442/posts/857776109387961/,URL Facebook,
729,https://www.facebook.com/groups/722697979562442/posts/858455895986649/,URL Facebook,
730,https://www.facebook.com/groups/722697979562442/posts/851273866704852/,URL Facebook,
731,https://www.facebook.com/groups/722697979562442/posts/859574322541473/,URL Facebook,
732,https://www.facebook.com/groups/722697979562442/posts/858732809292291/,URL Facebook,
733,https://www.facebook.com/groups/722697979562442/posts/858455619320010/,URL Facebook,
734,https://www.facebook.com/groups/722697979562442/posts/854642496367989/,URL Facebook,
735,https://www.facebook.com/groups/722697979562442/posts/852404179925154/,URL Facebook,
736,https://www.facebook.com/groups/722697979562442/posts/852641703234735/,URL Facebook,
737,https://www.facebook.com/groups/722697979562442/posts/852662333232672/,URL Facebook,
738,https://www.facebook.com/groups/1429493190877675/posts/1671009420059383/,URL Facebook,
739,https://www.facebook.com/groups/722697979562442/posts/853088603190045/,URL Facebook,
740,https://www.facebook.com/groups/722697979562442/posts/853158416516397/,URL Facebook,
741,https://www.facebook.com/groups/583777727813174/posts/737027839154828/,URL Facebook,
742,https://www.facebook.com/groups/365116904040606/posts/1885116942040587/,URL Facebook,
743,https://www.facebook.com/groups/1279710969294131/posts/1852289852036237/,URL Facebook,
744,https://www.facebook.com/groups/443237335296955/posts/766158479671504/,URL Facebook,
745,https://www.facebook.com/groups/5517147038330114/posts/24939695722315289/,URL Facebook,
746,https://www.facebook.com/groups/5517147038330114/posts/24938990315719163/,URL Facebook,
747,https://www.facebook.com/groups/5517147038330114/posts/24924663870485141/,URL Facebook,
748,https://www.facebook.com/groups/5517147038330114/posts/24003150585969812/,URL Facebook,
749,https://www.facebook.com/groups/5517147038330114/posts/24910889035195958/,URL Facebook,
750,https://www.facebook.com/groups/1133360674243728/posts/1321407975438996/,URL Facebook,
751,https://www.facebook.com/groups/1133360674243728/posts/1285799365666524/,URL Facebook,
752,https://www.facebook.com/groups/1133360674243728/posts/1620369385542852/,URL Facebook,
753,https://www.facebook.com/groups/1133360674243728/posts/1634790154100775/,URL Facebook,
754,https://www.facebook.com/groups/1133360674243728/posts/1538274653752326/,URL Facebook,
755,https://www.facebook.com/groups/722697979562442/?multi_permalinks=1253543503144551,URL Facebook,
756,https://www.facebook.com/groups/1123221749569916/posts/1212560037302753/,URL Facebook,
757,https://www.facebook.com/groups/5517147038330114/posts/24838536319097897/,URL Facebook,
758,https://www.facebook.com/groups/5517147038330114/posts/24836004126017783/,URL Facebook,
759,https://www.facebook.com/groups/1133360674243728/posts/1865397464373375/,URL Facebook,
760,https://www.facebook.com/groups/1075707497230789/posts/1150619129739625/,URL Facebook,
761,https://www.facebook.com/groups/1438272880530157/posts/1509195360104575/,URL Facebook,
762,https://www.facebook.com/groups/873066904546696/posts/1281677600352289/,URL Facebook,
763,https://www.facebook.com/groups/2002009810550398/posts/2058705221547523/,URL Facebook,
764,https://www.facebook.com/groups/284656587438605/posts/508345105069751/,URL Facebook,
765,https://www.facebook.com/groups/717055671493571/posts/848373915028412/,URL Facebook,
766,https://www.facebook.com/groups/1732956680546516/posts/2262806927561486/,URL Facebook,
767,https://www.facebook.com/groups/1732956680546516/posts/2262805817561597/,URL Facebook,
768,https://www.facebook.com/groups/1732956680546516/posts/2263155150859997/,URL Facebook,
769,https://www.facebook.com/groups/245410591065666/posts/306837894922935/,URL Facebook,
770,https://www.facebook.com/groups/245410591065666/posts/291270709812987/,URL Facebook,
771,https://www.facebook.com/groups/245410591065666/posts/304161448523913/,URL Facebook,
772,https://www.facebook.com/groups/245410591065666/posts/311344374472287/,URL Facebook,
773,https://www.facebook.com/groups/245410591065666/posts/341483264791731/,URL Facebook,
774,https://www.facebook.com/groups/636552030817711/posts/1522537772219128/,URL Facebook,
775,https://www.facebook.com/groups/636552030817711/posts/1225043825301859/,URL Facebook,
776,https://www.facebook.com/groups/254280426510034/posts/777001497571255/,URL Facebook,
777,https://www.facebook.com/groups/1842049032980444/posts/2372347986617210/,URL Facebook,
778,https://www.facebook.com/groups/1032837764047254/posts/1310304096300618/,URL Facebook,
779,https://www.facebook.com/groups/2953087261601125/posts/4213457748897397/,URL Facebook,
780,https://www.facebook.com/groups/2953087261601125/posts/4213989898844182/,URL Facebook,
781,https://www.facebook.com/groups/2953087261601125/posts/4213596252216880/,URL Facebook,
782,https://www.facebook.com/groups/2953087261601125/posts/4213582242218281/,URL Facebook,
783,https://www.facebook.com/groups/920350119125918/?multi_permalinks=1582642599563330,URL Facebook,
784,https://www.facebook.com/groups/976704509796125/?multi_permalinks=2071147680351797,URL Facebook,
785,https://www.facebook.com/groups/1329662911761706/?multi_permalinks=1853464232714902,URL Facebook,
786,https://www.facebook.com/groups/274607737438740/?multi_permalinks=1162249652007873,URL Facebook,
787,https://www.facebook.com/groups/264570184875700/?multi_permalinks=1514101843255855,URL Facebook,
788,https://www.facebook.com/groups/1334129660954631/?multi_permalinks=1525989895101939,URL Facebook,
789,https://www.facebook.com/groups/531149121698432/,URL Facebook,
790,https://www.facebook.com/groups/1049184089108182/posts/1465399507486636/,URL Facebook,
791,https://www.facebook.com/groups/2892689164352302/posts/3920448111576397/,URL Facebook,
792,https://www.facebook.com/groups/567355962273817/user/100009513526404/,URL Facebook,
793,https://www.facebook.com/groups/1329662911761706/user/100089247684023/,URL Facebook,
794,https://www.facebook.com/groups/240603395215112/,URL Facebook,
795,https://pgmx.top/o,Ponsel Duit,
796,https://sfile.mobi/ao5azvxtbyj,Ponsel Duit,
797,https://apps.apple.com/id/app/swapgo/id6738771553?,SwapGo,
798,https://apk.ponseltechai.com/call-app,Ponsel Duit,
799,https://apkpure.com/-pdi-p-hd/com.pdpwa.juan/amp,Tunai Cash Pinjaman Online Tip,
800,https://bfsaoo.com/7zmryy,Gandeng : Pinjaman Rupiah Mudah,
801,https://www.danaeasy.id/,Dana Go - Uang Pundi,
802,https://web.danarupiahloan.id/craneina/index.html#/login,Dana Rupiah Loan,
803,www.pinjamindo.co.id,Pinjamindo,
804,https://login-apps-ios.free.site.pro/kredit-pinjam?fbclid=paq0xdswkhmzvlehrua2flbqixmqabpwux-gndgkif5crtklgco51kg8gktwex57y6i6jzfashujk5vszcbbixil-d_KaReEmD_IcTm,PnIhN3JqAwMgreobfkvfm374vw,
805,https://www.kreditkilat.asia/,KREDIT KILAT,
806,https://pinjamlite.com,UangMe,
807,https://rupiahkas.com,RUPIAH KAS,
808,https://rupiahrise.rupiahrise.asia,SOLUSI DANA,
809,https://play.google.com/store/apps/details?id=com.stanfordtek.pinjamduit,PinjamDuit - KTA Dana Cepat,
810,https://tunaikita-online-loans-made-easy.softonic-id.com/android,TunaiKita Pinjaman Uang Tunai Online Dana Cepat,
811,https://apps.apple.com/id/app/touang-easy-moyer/id6743939163?l=idd,Touang - Easy Moyer,
812,https://play.google.com/store/apps/details?id=com.easybjdqer.soeasy,So Easy,
813,https://play.google.com/store/apps/details?id=com.pinjam.fun.id&hl=id,Pinjam Fun - Bagikan Aplikasi,
814,https://bfsaoo.com/jnnbru,DanaCita : Pinjaman Dana Cepat,
815,https://h5.ourrup-id.com/home/loan,KitaRupiah,
816,https://apkcombo.com/id/uang-kilat/com.uangkilat,Uang Kilat,
817,https://fast-duit.softonic-id.com/android,Fast Duit,
818,https://iowi.cc/5j9o4w,Loan Pal,
819,https://rupiahkas-fin.tech/,Rupiah Kas,
820,uangmaju.com,UANG MAJU,
821,https://play.google.com/store/apps/details?id=com.kredit.uang.pinjaman.amanah,PinjamAmanah - Perantara,
822,kreditpraktis.com,Kredit Praktis,
823,www.danaeasy.com,DANA EASY,
824,www.pinjamfun.com,Pinjam Fun,
825,https://www.downpack.top/bindex/download,Gandeng : Pinjaman Rupiah Mudah,
826,https://www.apksum.com/app/dana-tunai/com.danatunai.sam.key,Dana Tunai,
827,https://uang-kilat-pinjaman-dana.softonic-id.com/iphone,Uang Kilat - Pinjaman Dana,
828,ayopinjam.id,AYO PINJAM,
829,https://www.instagram.com/ayo.pinjam_?igsh=mte2dwdlnmniajd4yq==,AYO PINJAM ( TITISAN HUJAN),
830,tunasmodal.tunasmodal.asia,PINJAM UANG ONLINE,
831,https://play.google.com/store/search?q=ada%20dana&c=apps&hl=id,Ada Dana-Pinjaman Cepat Loans,
832,https://h5id.happydy.com/,HappyD,
833,https://duit-pasti.com,DUIT PASTI,
834,https://apkcombo.com/id/dana-online/com.du.danauang/,Dana Online,
835,https://sfile.mobi/3f5phmm1tcg,AKU CEPAT,
836,https://loanpal.online,LoanPal – Pinjaman online,
837,https://apps.apple.com/app/id6740899408,UANG KILAT,
838,https://danafix-pinjaman-online.softonic-id.com/android,Danafix - Pinjaman Uang Online Kredit Tunai Cepat,
839,https://www.dompetpinjaman.com/,Dompet Pinjaman,
840,https://ioho.site/wqwlld,Maskas,
841,https://www.kreditkaya.id/,KreditKaya,
842,https://iowi.cc/4oqw58,LoanPal,
843,https://apy.pw/cepatcair030,Cepatcair,
844,https://ugsg.xyz/ca,Kaspin Go-Dana cair,
845,https://www.freeloan.asia/#/,Free Loan,
846,https://pinjam.fun/,Pinjam Fun,
847,https://h5.kamikya.com/home/loan,KamiKaya,
848,https://pinjamlink.com/,PinjamLink,
849,https://sfile.mobi/3rfr5pfqecl,Pinjaman Bintang,
850,https://apkpure.com/id/dompet-kredit/hld.ykbr.lhyobe#google_vignette,Dompet Kredit,
851,https://play.google.com/store/apps/details?id=com.dndigit.pnjaanung,Dana Digital-Pinjaman Uang,
852,https://nova-os-h5.apollotechai.com/call-app,Duit Pasti/ Dana Kilat,
853,https://t.xtra.ink/o,XTRA UANG NOW,
854,https://apps.apple.com/id/app/credinex-paylater-bunga-0/id1618176183?l=id,Credinex,
855,https://mez.ink/storeapps/rupiahkas.id?fbclid=paq0xdswljz4plehrua2flbqixmqabp_yduql526yhoyb0sptg69l3l6jyd4pycpinobutrdb-xj3mzao1fszvd_ml_aem_dry-sRdu2prizajhcu,K8aksgdqu0f7a,
856,https://aplikasiloanpal.com/,LOANPAL,
857,https://www.danakami.com/,DANAKAMI,
858,https://mez.ink/pinjamaan/sayakredi.id,SAYA KREDI,
859,https://play.google.com/store/apps/details?id=com.exploresia,Dana Cepat-Paylater & Pinjaman,
860,https://ios.loanpal.pro/#/pages/login/login,LOANPAL,
861,https://play.google.com/store/apps/details?id=com.ahmadrofiul.siunlimited,Kredit Kilat-Pinjaman Online,
862,https://kreditnow.id/,Kredit Now,
863,https://apps.apple.com/id/app/halogo-life-share/id6743780441?l=id,Halogo,
864,https://kreditkayacs.com/,KREDIT KAYA,
865,https://play.google.com/store/apps/details?id=com.ada.dana,Ada Dana,
866,https://play.google.com/store/apps/details?id=com.okeuang.yniyniyni,Uang Saya- Hitung Uang Tunai,
867,http://www.kreditkancil.id/,TOGU,
868,https://soeasy-fin.tech/,So Easy,
869,https://uang-plus.id.uptodown.com/android,UANG PLUS,
870,https://www.dana-kami.com/,DANA KAMI,
871,https://www.duitpasti.org/,Duit Pasti,
872,https://ponsel-duit.techylist.com/,Ponsel Duit/ Modal Ku,
873,https://play.google.com/store/apps/details?id=com.wallet.dana.amanah.go.max,Dana Amanah,
874,"https://down.maskas.live/?place=kta-d,%20%20https://g59.szzit.cn/26ch",Ponsel DUIT,
875,https://www.moneyaman.com/,Dana Digital,
876,https://tunai-instan.softonic-id.com/android,Tunai Instan,
877,https://tunai-instan-dana-online-app.en.softonic.com/iphone,TUNAI INSTAN DAN DANA SAKU,
878,ps.powerss.cc,POWERS,
879,https://kayuapi.kayuapi.asia/#/start?isbrowser=true,KAYU API,
880,https://play.google.com/store/apps/details?id=com.uang.pintar.kredit.kancil,KREDIT KANCIL,
881,https://apps.apple.com/id/app/primakredit/id6737187578?l=id,PRIMA KREDIT,
882,https://play.google.com/store/apps/details?id=com.seekforpinjaman.pinjampasti&*8c14,PINJAMPASTI (DOMPET AMAN),
883,https://nova-h5.lavatechdanamudah.com/gg-download?channel=ca,KREDIT KAYA (SUPER DANA),
884,https://www.indodana.asia/#/start,INDODANA,
885,https://play.google.com/store/apps/details?id=com.modal.siap.ready,MODALSIAP DAN DUITNOMPLOK,
886,https://www.fast6688.com/index/download,MEKAR,
887,https://www.instagram.com/rupiahcair?igsh=b3M4aTR0cDB5cXpp,RUPIAH CAIR DOMPET PUAS,
888,https://play.google.com/store/apps/details?id=com.amanah.uang.sahabat,UANG SAHABAT,
889,https://www.instagram.com/pinjamanplanet?igsh=mw50nwcxchyxmmlzma%3D%3D,PINJAMAN PLANET,
890,https://play.google.com/store/apps/details?id=com.ioduang.codtrip,UANG TRIP,
891,https://mgaidigitalindo.com/index/user/register.html,PT Media Grup ASIA,
892,https://play.google.com/store/apps/details?id=com.trust.mint.penny,TRUSTMINT,
893,http://duit-pasti.com/,DUIT PASTI,
894,https://nirsciwq.rupiahbersamauos.com/vbfdsfd,RUPIAH BERSAMA / DANA FLEKSIBEL,
895,https://www.modal-kilat.id/,Modal Kilat - Pinjaman Online,
896,https://www.kredit-rupiah.id/,Kredit Rupiah / NUHA i-Tech,
897,https://www.kredit-rupiah.site/,Kredit Rupiah / NUHA i-Tech,
898,https://www.pinjam-mudah.id/,Pinjam Mudah,
899,https://www.pinjam-tunai.id/,Pinjam Tunai,
900,https://www.dana-kami.id/,Dana Kami,
901,https://www.dana-easy.id/,Dana Easy,
902,https://www.dana-darurat.id/,Dana Darurat,
903,https://www.kredit-kancil.id/,KreditKancil,
904,https://www.pinjam-plus.id/,PinjamPlus,
905,https://www.dana-kita.id/,DanaKita,
906,https://www.modalkilat.id/,Modal Kilat -Pinjaman Online,
907,https://danaeasy.com/dana-easy/,Dana Easy,
908,https://www.uangkunow.com/,UangKuNow / PT Super Pinjaman Indonesia,
909,https://www.uangku-now.id/,UangKuNow / PT Super Pinjaman Indonesia,
910,https://www.uang-ku-now.com/,UangKuNow / PT Super Pinjaman Indonesia,
911,https://www.kreditkancil.id/,KreditKancil,
912,https://www.softwaresolusi.com/home,KreditKancil,
913,https://www.pinjamplus.id/,PinjamPlus,
914,https://www.pinjamplupro.com/,PinjamPlus,
915,https://www.cs-pinjam-kredit.id,Pinjam Kredit,
916,https://www.dana-cepat.online,PT. Dana Cepat Indonesia,
917,https://www.rupiah-cair.cloud,Rupiah Cair,
918,https://www.tunai-yuk.com,Tunai Yuk,
919,https://www.cs-danacepat.com/,PT. Dana Cepat Indonesia,
920,https://www.danakami.com/,Dana Kami,
921,https://www.kreditkilat.site/,Kredit Kilat,
922,https://www.rupiahcair.id/,Rupiah Cair,
923,https://dana-darurat.com/,Dana Darurat,
924,https://www.kreditkilat.com/,Kredit Kilat,
925,https://www.kreditkilat.co.id/,Kredit Kilat,
926,https://play.google.com/store/apps/details?id=com.uang.pintar.kredit.kancil,Kredit Kancil,
927,https://play.google.com/store/apps/details?id=com.pinjamplus.id&hl=id,PinjamanPlus,
928,https://play.google.com/store/apps/details?id=com.exploresia,Dana Cepat-Paylater & Pinjaman,
929,https://play.google.com/store/apps/details?id=com.ahmadrofiul.siunlimited&hl=id,Kredit Kilat,
930,https://www.instagram.com/danayuk_id/,Dana Yuk,
931,https://www.instagram.com/easy.dana__/,Easy Dana,
932,https://www.instagram.com/danabaik.official/,Dana Baik,
933,https://www.instagram.com/kredit_.kilat_/,Kredit Kilat,
934,https://www.instagram.com/kreditkilat_id/,Kredit Kilat,
935,https://www.linkedin.com/in/cs-kredit-kilat2a23b6373/?originalSubdomain=id,Kredit Kilat,
936,https://www.linkedin.com/in/cs-kredit-kilat2a23b6373/?originalSubdomain=id,Kredit Kilat,
937,https://www.instagram.com/danadigital_official,Dana Digital,
938,https://www.instagram.com/uang.indo__/,Uang Indo,
939,https://www.facebook.com/profile.php?id=100085958590047,Pinjam Mudah,
940,https://www.instagram.com/pinjam.mudah/,Pinjam Mudah,
941,https://www.instagram.com/pinjam_tunai._/,Pinjam Tunai,
942,https://www.instagram.com/pinjam.tunai.resmi/,Pinjam Tunai,
943,https://www.threads.com/@dana_daruratt?xmt=AQF0qw84HkaquaiYcfgJaKh0wxWTR67BjWEKJjJy63JI3BY,Dana Darurat,
944,https://www.instagram.com/uangkunow.app,UangKuNow / PT Super Pinjaman Indonesia,
945,https://www.threads.com/@uangkunow.app,UangKuNow / PT Super Pinjaman Indonesia,
946,https://www.instagram.com/kredit.kancil._/,Kredit Kancil,
947,https://www.instagram.com/pinjam.plus.id/,Pinjaman Plus,
948,https://www.instagram.com/pinjam.plus.official,Pinjaman Plus,
949,https://www.instagram.com/danacepat_.id/,PT Dana Cepat Indonesia,
950,https://www.instagram.com/kreditkilat_official.i,Kredit Kilat,
951,https://www.instagram.com/rupiahcair/,Rupiah Cair,
