nama_aplikasi,developer,developerId,developerEmail,developerWebsite,developerAddress,score,ratings,reviews,installs,categories,appId,url,country,matched_keyword
Pinjaman Aman Indonesia,ytriso apps,ytriso+apps,hsefapetenkaya@gmail.com,,,3.912844,2086,1636,100.000+,Keuangan,aman.hiiooieioh.aydgu,https://play.google.com/store/apps/details?id=aman.hiiooieioh.aydgu&hl=id&gl=id,Indonesia,pinjaman rekening koran
IndoGold - Investasi Emas Aman,PT Indogold Makmur Sejahtera,PT+Indogold+Makmur+Sejahtera,support@indogold.id,https://www.indogold.id/,,4.19256,5283,3048,500.000+,Keuangan,antamgold.android,https://play.google.com/store/apps/details?id=antamgold.android&hl=id&gl=id,Indonesia,"cicil emas, gadai emas online"
carda app - Kartu Virtual,CARDA APP LTD,7477278610721342298,info@carda.app,https://carda.app/,,,,,10.000+,,app.carda.app,https://play.google.com/store/apps/details?id=app.carda.app&hl=id&gl=id,Indonesia,virtual credit card
eWallet,eWallet,5121824083367428058,support@ewallet.app,https://ewallet.app,,,,,5.000+,,app.ewallet.app,https://play.google.com/store/apps/details?id=app.ewallet.app&hl=id&gl=id,Indonesia,e-wallet pinjaman
Skor Cashback 10% Kartu Kredit,PT Skorcard Teknologi Indonesia,8347608295795661286,wecare@skorcard.app,https://skorcard.app,,4.391982,4441,1676,100.000+,Keuangan,app.skor.card,https://play.google.com/store/apps/details?id=app.skor.card&hl=id&gl=id,Indonesia,kartu kredit digital
"Tabby: Send, spend and save",Tabby,Tabby,help@tabby.ai,https://tabby.ai,,4.8623853,1189144,108,10.000.000+,Keuangan,app.tabby.client,https://play.google.com/store/apps/details?id=app.tabby.client&hl=id&gl=id,Indonesia,paylater
Bank Saqu,PT BANK SAQU INDONESIA,PT+BANK+SAQU+INDONESIA,dibantu@banksaqu.co.id,https://banksaqu.co.id/,,4.64189,107618,17384,5.000.000+,Keuangan,bjj.bank.digital.indo.prod,https://play.google.com/store/apps/details?id=bjj.bank.digital.indo.prod&hl=id&gl=id,Indonesia,"aplikasi kredit, kartu kredit digital, kredit tanpa agunan"
Lumbung Dana - Pinjaman Daring,PT LUMBUNG DANA INDONESIA,PT+LUMBUNG+DANA+INDONESIA,halo@lumbungdana.co.id,https://www.lumbungdana.co.id,,4.8335695,467281,112953,5.000.000+,Keuangan,co.id.lumbungdana.android,https://play.google.com/store/apps/details?id=co.id.lumbungdana.android&hl=id&gl=id,Indonesia,"aplikasi dana tunai, aplikasi kredit, aplikasi pinjaman modal usaha, dana darurat, dana pinjaman, dana talangan, dompet digital pinjaman, fintech lending, fintech pendanaan, kredit cepat cair, kredit instan, kredit multiguna, kredit tanpa agunan, peer to peer lending, pinjam uang, pinjaman cepat cair, pinjaman cepat tanpa ribet, pinjaman dana, pinjaman harian, pinjaman ibu rumah tangga, pinjaman ilegal, pinjaman instan, pinjaman karyawan, pinjaman mahasiswa, pinjaman modal kerja, pinjaman modal usaha, pinjaman multiguna, pinjaman online, pinjaman online bunga rendah, pinjaman pns, pinjol, pinjol ilegal, pinjol legal, pinjol terdaftar ojk"
Nex - Kartu Kredit & Tabungan,PT Nex Teknologi Digital,PT+Nex+Teknologi+Digital,cs@nexapp.co,https://www.nexapp.co/,,3.4,859,504,100.000+,,co.nex.app,https://play.google.com/store/apps/details?id=co.nex.app&hl=id&gl=id,Indonesia,"cicilan tanpa kartu kredit, kartu kredit digital, kredit tanpa jaminan, virtual credit card"
Agen Pegadaian Syariah,PT Pegadaian (Persero),PT+Pegadaian+(Persero),digital@pegadaian.co.id,http://pegadaiansyariah.co.id/,,4.4,584,284,100.000+,Keuangan,co.pegadaian.syariah.agen,https://play.google.com/store/apps/details?id=co.pegadaian.syariah.agen&hl=id&gl=id,Indonesia,cicil emas
Monzo Bank - Mobile Banking,Monzo,Monzo,help@monzo.com,https://monzo.com?utm_medium=paid&utm_source=playstore&utm_campaign=1,,4.3506494,178367,20,10.000.000+,Keuangan,co.uk.getmondo,https://play.google.com/store/apps/details?id=co.uk.getmondo&hl=id&gl=id,Indonesia,virtual credit card
"Xare - Share Debit,Credit card",Team Xare,Team+Xare,hello@xare.co,https://www.xare.co,,4.2,28144,4,1.000.000+,Keuangan,co.xare.tribe,https://play.google.com/store/apps/details?id=co.xare.tribe&hl=id&gl=id,Indonesia,virtual credit card
AdaKami-Pinjaman Uang Digital,PT Pembiayaan Digital Indonesia,PT+Pembiayaan+Digital+Indonesia,tanya@adakami-cs.id,https://www.adakami.id/,,4.449691,1403640,519505,10.000.000+,Keuangan,com.adakami.dana.kredit.pinjaman,https://play.google.com/store/apps/details?id=com.adakami.dana.kredit.pinjaman&hl=id&gl=id,Indonesia,"aplikasi cicilan, aplikasi kredit, aplikasi kta, aplikasi pinjaman modal usaha, aplikasi pinjaman ojk, aplikasi pinjaman online, cicilan online, dana pinjaman, fintech lending, kredit cepat cair, kredit digital, kredit instan, kredit kilat, kredit multiguna, kredit online, kredit tanpa agunan, kredit tanpa jaminan, pinjam uang, pinjam uang cepat, pinjaman cepat cair, pinjaman cepat tanpa ribet, pinjaman dana, pinjaman harian, pinjaman ilegal, pinjaman instan, pinjaman karyawan, pinjaman kilat, pinjaman ktp saja, pinjaman langsung cair, pinjaman mahasiswa, pinjaman modal kerja, pinjaman modal usaha, pinjaman multiguna, pinjaman online, pinjaman online 24 jam, pinjaman online aman, pinjaman online bunga rendah, pinjaman online legal ojk, pinjaman online resmi, pinjaman online tanpa bi checking, pinjaman online tanpa ktp, pinjaman online terdaftar ojk, pinjaman online terpercaya, pinjaman pelajar, pinjaman pns, pinjaman rekening koran, pinjaman tanpa agunan, pinjaman tanpa jaminan, pinjaman tunai, pinjaman umkm, pinjol, pinjol legal, pinjol terdaftar ojk, uang cepat, uang pinjaman"
Ada Modal-Pinjaman Uang Online,PT Solid Fintek Indonesia,PT+Solid+Fintek+Indonesia,cs@adamodal.co.id,https://www.adamodal.co.id/,,4.561583,342200,158141,10.000.000+,Keuangan,com.adamodal.fintech,https://play.google.com/store/apps/details?id=com.adamodal.fintech&hl=id&gl=id,Indonesia,"aplikasi pinjaman modal usaha, dana darurat, dana talangan, fintech lending, kredit cepat cair, peer to peer lending, pinjam uang, pinjaman dana, pinjaman gaji, pinjaman harian, pinjaman ilegal, pinjaman instan, pinjaman karyawan, pinjaman ktp saja, pinjaman mahasiswa, pinjaman modal kerja, pinjaman modal usaha, pinjaman online, pinjaman online bunga rendah, pinjaman online resmi, pinjaman usaha kecil, pinjol, pinjol legal, pinjol terdaftar ojk"
Danai.id - P2P Lending,PT Adiwisista Finansial Teknologi,PT+Adiwisista+Finansial+Teknologi,customer.care@danai.id,https://danai.id/,,3.1953125,1307,754,100.000+,Keuangan,com.adiwisista.project,https://play.google.com/store/apps/details?id=com.adiwisista.project&hl=id&gl=id,Indonesia,"p2p lending, peer to peer lending"
AEON Card,PT. AEON Credit Service Indonesia,PT.+AEON+Credit+Service+Indonesia,customercare@aeon.co.id,https://www.aeon.co.id,,2.754902,290,208,50.000+,Keuangan,com.aeoncredit.id.preassessment.creditcard,https://play.google.com/store/apps/details?id=com.aeoncredit.id.preassessment.creditcard&hl=id&gl=id,Indonesia,kartu kredit digital
AEON Fast,PT. AEON Credit Service Indonesia,PT.+AEON+Credit+Service+Indonesia,customercare@aeon.co.id,https://www.aeon.co.id,,3.846799,26205,13735,1.000.000+,Keuangan,com.aeoncredit.id.preassessment.fast,https://play.google.com/store/apps/details?id=com.aeoncredit.id.preassessment.fast&hl=id&gl=id,Indonesia,"kredit hp, kredit motor online"
KIik Pinjam-Pinjaman Daring,ZMagaba Industries,ZMagaba+Industries,zidanemagabafilechecking@gmail.com,,,4.7909966,9282,1484,100.000+,Keuangan,com.ahmadrofiul.siadin,https://play.google.com/store/apps/details?id=com.ahmadrofiul.siadin&hl=id&gl=id,Indonesia,kredit kilat
Akseleran - Pendanaan UKM,PT. Akseleran Keuangan Inklusif Indonesia,PT.+Akseleran+Keuangan+Inklusif+Indonesia,developer@akseleran.com,https://www.akseleran.com,,3.3057325,11007,7901,500.000+,Keuangan,com.akseleran.crowdfund,https://play.google.com/store/apps/details?id=com.akseleran.crowdfund&hl=id&gl=id,Indonesia,pinjaman umkm
Akulaku PayLater di Toko,PT. AKULAKU FINANCE INDONESIA,PT.+AKULAKU+FINANCE+INDONESIA,afi-app@akulaku.com,https://akulakufinance.co.id,,3.4038463,1200,720,100.000+,Keuangan,com.akulakufinance,https://play.google.com/store/apps/details?id=com.akulakufinance&hl=id&gl=id,Indonesia,"bayar nanti, belanja sekarang bayar nanti, cicilan tanpa kartu kredit, kredit hp, paylater"
Allo Bank,PT. ALLO BANK INDONESIA Tbk,PT.+ALLO+BANK+INDONESIA+Tbk,allocare@allobank.com,https://allobank.com,,4.0623426,67048,44243,10.000.000+,Keuangan,com.alloapp.yump,https://play.google.com/store/apps/details?id=com.alloapp.yump&hl=id&gl=id,Indonesia,paylater
Uang Sahabat - Dana Terpercaya,PROZINO E-COMMERCE PRIVATE LIMITED,PROZINO+E-COMMERCE+PRIVATE+LIMITED,uang-sahabat@prozinoecommerce.com,https://uangsahabat.prozinoecommerce.com,,4.828081,53896,10574,1.000.000+,Keuangan,com.amanah.uang.sahabat,https://play.google.com/store/apps/details?id=com.amanah.uang.sahabat&hl=id&gl=id,Indonesia,"aplikasi dana tunai, dana darurat, dana talangan"
"AmarthaFin: Agen Pulsa, Modal",Amartha Financial,Amartha+Financial,plus@amartha.com,https://amartha.com/amarthaplus,,4.4189525,22833,13927,1.000.000+,Keuangan,com.amarthaplus.amarthabeyond,https://play.google.com/store/apps/details?id=com.amarthaplus.amarthabeyond&hl=id&gl=id,Indonesia,"aplikasi pinjaman modal usaha, bayar nanti, fintech lending, kredit multiguna, pinjaman ktp saja, pinjaman modal kerja, pinjaman modal usaha, pinjaman multiguna, pinjaman usaha kecil"
Secure Card Wallet: Credit-NFC,App Verse,App+Verse,yuvrajsalunke226@gmail.com,https://securecardwallet.netlify.app/,,,,,1.000+,,com.appverse.securecardwallet,https://play.google.com/store/apps/details?id=com.appverse.securecardwallet&hl=id&gl=id,Indonesia,virtual credit card
SINGAFUND - Pendanaan Online,PT Abadi Sejahtera Finansindo,PT+Abadi+Sejahtera+Finansindo,cs@singa.id,https://www.singa.id/,,3.92,132,60,50.000+,Keuangan,com.asf.lender,https://play.google.com/store/apps/details?id=com.asf.lender&hl=id&gl=id,Indonesia,fintech pendanaan
Singa Fintech-Pinjaman Daring,PT Abadi Sejahtera Finansindo,PT+Abadi+Sejahtera+Finansindo,cs@singa.id,http://www.singa.id,,4.816515,1315686,369457,10.000.000+,Keuangan,com.asf.singa,https://play.google.com/store/apps/details?id=com.asf.singa&hl=id&gl=id,Indonesia,"aplikasi kredit, aplikasi pinjaman modal usaha, aplikasi pinjaman online, fintech lending, fintech pendanaan, kredit cepat cair, p2p lending, pinjam uang, pinjaman cepat cair, pinjaman cepat tanpa ribet, pinjaman dana, pinjaman harian, pinjaman ilegal, pinjaman instan, pinjaman ktp saja, pinjaman langsung cair, pinjaman mahasiswa, pinjaman multiguna, pinjaman online, pinjaman online bunga rendah, pinjaman online resmi, pinjaman online terpercaya, pinjol, pinjol legal, pinjol terdaftar ojk"
MOM by Bank Ibu,PT Assist Software Indonesia Pratama,PT+Assist+Software+Indonesia+Pratama,ncbd@assistindo.com,,,5,19,18,100+,Keuangan,com.assist.ibu,https://play.google.com/store/apps/details?id=com.assist.ibu&hl=id&gl=id,Indonesia,pinjaman ibu rumah tangga
Pinjam Bahagia: Kalkulat Pinja,Orkt Incorporated Limited,Orkt+Incorporated+Limited,modoo8855@mail.com,https://www.pinjambahagiakal.com,,4.4633775,18833,13297,500.000+,Keuangan,com.bahagia.arbeit,https://play.google.com/store/apps/details?id=com.bahagia.arbeit&hl=id&gl=id,Indonesia,pinjaman ibu rumah tangga
Bayarkilat : Jasa Bayar Online,PT. Bayarkilat Apps Indonesia,6512704224880726112,support@bayarkilat.id,https://bayarkilat.id,,4.9326925,167,161,5.000+,Belanja,com.bayarkilatid.apps,https://play.google.com/store/apps/details?id=com.bayarkilatid.apps&hl=id&gl=id,Indonesia,bayar nanti
Bleap: Finance & Crypto Card,Bleap,Bleap,hello@bleap.finance,https://www.bleap.finance,,,,,10.000+,,com.bleap,https://play.google.com/store/apps/details?id=com.bleap&hl=id&gl=id,Indonesia,virtual credit card
Blicicil,PT. MEGA FINANCE,PT.+MEGA+FINANCE,blicicil@megafinance.co.id,https://blicicil.com,,,,,500.000+,,com.blicicil.app,https://play.google.com/store/apps/details?id=com.blicicil.app&hl=id&gl=id,Indonesia,"cicilan tanpa kartu kredit, kredit elektronik, kredit hp"
Anggaran Cepat - Pengeluaran,AppFer SRL,5024704401991803820,support@fastbudget.it,https://fastbudget.app/,,4.798715,130101,3504,5.000.000+,Keuangan,com.blodhgard.easybudget,https://play.google.com/store/apps/details?id=com.blodhgard.easybudget&hl=id&gl=id,Indonesia,uang darurat
SpeedCash: Transfer & Ewallet,Speedcash,5923611122383378271,support@speedcash.co.id,https://www.speedcash.co.id,,4.533992,63440,32973,1.000.000+,Belanja,com.bm.sc.bebasbayar,https://play.google.com/store/apps/details?id=com.bm.sc.bebasbayar&hl=id&gl=id,Indonesia,dompet digital pinjaman
neobank dari BNC Digital,PT. BANK NEO COMMERCE TBK,PT.+BANK+NEO+COMMERCE+TBK,customercare@bankneo.co.id,https://www.bankneocommerce.co.id/,,4.7157803,351888,169958,10.000.000+,Keuangan,com.bnc.finance,https://play.google.com/store/apps/details?id=com.bnc.finance&hl=id&gl=id,Indonesia,"aplikasi pinjaman online, pinjaman cepat tanpa ribet, pinjaman online"
Money Lover - Catatan Keuangan,Finsify,5130448887408336541,contact@moneylover.me,https://moneylover.me/,,4.6714287,207575,11541,5.000.000+,Keuangan,com.bookmark.money,https://play.google.com/store/apps/details?id=com.bookmark.money&hl=id&gl=id,Indonesia,uang darurat
UangMe - Pinjaman Dana Online,PT Uangme Fintek Indonesia,6047141295433621420,cs@uangme.com,http://www.uangme.id/,,4.484732,515831,237275,10.000.000+,Keuangan,com.cmcm.uangme,https://play.google.com/store/apps/details?id=com.cmcm.uangme&hl=id&gl=id,Indonesia,"aplikasi dana tunai, aplikasi kredit, aplikasi pinjaman modal usaha, aplikasi pinjaman ojk, aplikasi pinjaman online, cash cepat, cash kilat, dana pinjaman, dana talangan, fintech lending, kredit cepat cair, kredit instan, kredit kilat, kredit online, kredit tanpa agunan, pinjam uang, pinjam uang cepat, pinjaman cepat cair, pinjaman cepat tanpa ribet, pinjaman dana, pinjaman gaji, pinjaman harian, pinjaman ibu rumah tangga, pinjaman ilegal, pinjaman instan, pinjaman karyawan, pinjaman kilat, pinjaman ktp saja, pinjaman langsung cair, pinjaman mahasiswa, pinjaman modal kerja, pinjaman modal usaha, pinjaman multiguna, pinjaman online, pinjaman online 24 jam, pinjaman online aman, pinjaman online bunga rendah, pinjaman online resmi, pinjaman online tanpa bi checking, pinjaman online tanpa ktp, pinjaman online terpercaya, pinjaman pns, pinjaman tanpa agunan, pinjaman tanpa jaminan, pinjaman tunai, pinjaman umkm, pinjaman usaha kecil, pinjol, pinjol legal, pinjol terdaftar ojk, uang cepat"
danabijak: Pinjaman Online,PT. Digital Micro Indonesia,PT.+Digital+Micro+Indonesia,support@danabijak.com,https://danabijak.com,,2.8617816,22756,17385,1.000.000+,Keuangan,com.danabijak2.mobile,https://play.google.com/store/apps/details?id=com.danabijak2.mobile&hl=id&gl=id,Indonesia,fintech pendanaan
CARA aktifkan DANA Paylater,WIRYANING Finance Ltd,WIRYANING+Finance+Ltd,wsiskaamalia@gmail.com,https://pinjamandanacicil1.blogspot.com/,,4.4716983,159,67,5.000+,,com.danacicil.paylater.aktif,https://play.google.com/store/apps/details?id=com.danacicil.paylater.aktif&hl=id&gl=id,Indonesia,paylater
DBS digibank Indonesia,PT Bank DBS Indonesia,PT+Bank+DBS+Indonesia,dbsicc@dbs.com,https://dbs.id,,4.299551,96435,31995,1.000.000+,Keuangan,com.dbs.id.pt.digitalbank,https://play.google.com/store/apps/details?id=com.dbs.id.pt.digitalbank&hl=id&gl=id,Indonesia,kartu kredit digital
Harga Emas Hari Ini,despDev,8920294656540921984,despdevs@gmail.com,https://despdev.com,,4.7772512,34101,696,1.000.000+,Keuangan,com.despdev.silver_and_gold_price_calc,https://play.google.com/store/apps/details?id=com.despdev.silver_and_gold_price_calc&hl=id&gl=id,Indonesia,cicil emas
Dicicilaja - Solusi Pembiayaan,DICICILAJA.COM,DICICILAJA.COM,dicicilaja@gmail.com,http://www.dicicilaja.com,,4.5799255,2702,1287,100.000+,Keuangan,com.dicicilaja.app,https://play.google.com/store/apps/details?id=com.dicicilaja.app&hl=id&gl=id,Indonesia,"kredit multiguna, pinjaman multiguna"
DigiSaku - Pinjaman Online,PT ANGKASA MAHA SUKSES,PT+ANGKASA+MAHA+SUKSES,januaranabil@gmail.com,,,4.7935944,13975,2603,100.000+,Keuangan,com.digisaku.pinjaman.online.id,https://play.google.com/store/apps/details?id=com.digisaku.pinjaman.online.id&hl=id&gl=id,Indonesia,e-wallet pinjaman
iDeal Home Online,iDEAL HOME ONLINE,8417487653249001184,it@i-dealhomeonline.com,https://i-dealhomeonline.com,,4.6190476,2039,553,100.000+,Belanja,com.dihardjasoftware.ideal,https://play.google.com/store/apps/details?id=com.dihardjasoftware.ideal&hl=id&gl=id,Indonesia,bayar nanti
Discover Mobile,Discover Financial Services,Discover+Financial+Services,mobapp@discover.com,http://www.discovercard.com/contact-us/,,4.220339,474291,26,10.000.000+,Keuangan,com.discoverfinancial.mobile,https://play.google.com/store/apps/details?id=com.discoverfinancial.mobile&hl=id&gl=id,Indonesia,virtual credit card
Dana Digital-Pinjaman Uang,AnjarDev,AnjarDev,sanjaya.ginanjar@gmail.com,https://www.moneyaman.com/,,4.8541665,924,126,10.000+,Keuangan,com.dndigit.pnjaanung.replay,https://play.google.com/store/apps/details?id=com.dndigit.pnjaanung.replay&hl=id&gl=id,Indonesia,aplikasi dana tunai
DOKU e-Wallet,PT. Nusa Satu Inti Artha (DOKU),PT.+Nusa+Satu+Inti+Artha+(DOKU),care@doku.com,https://www.doku.com,,4.0150785,39391,23816,1.000.000+,Keuangan,com.dokuwallet.android,https://play.google.com/store/apps/details?id=com.dokuwallet.android&hl=id&gl=id,Indonesia,"dompet digital pinjaman, e-wallet pinjaman"
Digital Wallet: Virtual Cards,DreamTeam Mobile,5327332365794608618,support@dreamteam-mobile.com,https://www.dreamteam-mobile.com,,,,,100+,,com.dreamteammobile.digital.wallet.cards,https://play.google.com/store/apps/details?id=com.dreamteammobile.digital.wallet.cards&hl=id&gl=id,Indonesia,virtual credit card
Wallet - Pelacak Anggaran,BudgetBakers,8553499851937523437,support@budgetbakers.com,http://www.budgetbakers.com,,4.8639574,381560,7042,10.000.000+,Keuangan,com.droid4you.application.wallet,https://play.google.com/store/apps/details?id=com.droid4you.application.wallet&hl=id&gl=id,Indonesia,uang darurat
Cashcepat-Pinjaman Daring,PT Artha Permata Makmur,PT+Artha+Permata+Makmur,cs@cashcepat.id,http://www.cashcepat.id,,4.82614,758560,373528,5.000.000+,Keuangan,com.ecreditpal.cashloan.indo,https://play.google.com/store/apps/details?id=com.ecreditpal.cashloan.indo&hl=id&gl=id,Indonesia,"cash kilat, kredit cepat cair, pinjam uang, pinjaman cepat cair, pinjaman cepat tanpa ribet, pinjaman harian, pinjaman online"
Eisy: Virtual Card & Transfer,Wingu Digital,8195510051592195946,info@eisyglobal.com,https://eisyglobal.com,,,,,10.000+,,com.eisyapp,https://play.google.com/store/apps/details?id=com.eisyapp&hl=id&gl=id,Indonesia,virtual credit card
Rajin Dompet,EKA MUTIARA,EKA+MUTIARA,support@ekamuliatamaperkasa.com,,,3.855856,1056,343,100.000+,,com.ekamuliatamaperkasa.rajindompet,https://play.google.com/store/apps/details?id=com.ekamuliatamaperkasa.rajindompet&hl=id&gl=id,Indonesia,dompet digital pinjaman
erafone,eraspace,eraspace,customercare@erajaya.com,https://erafone.com,,3.5615764,2015,883,1.000.000+,Belanja,com.erafone.android,https://play.google.com/store/apps/details?id=com.erafone.android&hl=id&gl=id,Indonesia,kredit hp
Esta Kapital Fintech Pendanaan,PT. Esta Kapital Fintek,PT.+Esta+Kapital+Fintek,customer.care@estakapital.co.id,https://estakapital.co.id,,4.2743363,545,438,50.000+,Keuangan,com.estakapital.investor,https://play.google.com/store/apps/details?id=com.estakapital.investor&hl=id&gl=id,Indonesia,fintech pendanaan
Aqua credit card,NewDay Ltd,NewDay+Ltd,appteam@newday.co.uk,,,,,,1.000.000+,Keuangan,com.fd.accessplusecs.aqua,https://play.google.com/store/apps/details?id=com.fd.accessplusecs.aqua&hl=id&gl=id,Indonesia,virtual credit card
FIFADA - Cicilan Online Mudah,FIFGROUP DEV. TEAM,8734262251178562538,admin@fifada.co.id,http://www.fifada.co.id,,4.259199,18482,10254,1.000.000+,Keuangan,com.fifada.customer,https://play.google.com/store/apps/details?id=com.fifada.customer&hl=id&gl=id,Indonesia,"cicilan tanpa kartu kredit, kredit elektronik, kredit hp, kredit motor online"
Kredivo - Paylater & Pinjaman,PT Kredivo Finance Indonesia,9191699831016044391,support@kredivo.com,http://www.kredivo.com,,4.827438,4795679,1744862,50.000.000+,Keuangan,com.finaccel.android,https://play.google.com/store/apps/details?id=com.finaccel.android&hl=id&gl=id,Indonesia,"aplikasi cicilan, aplikasi dana tunai, aplikasi kredit, aplikasi pinjaman modal usaha, aplikasi pinjaman ojk, aplikasi pinjaman online, bayar nanti, belanja sekarang bayar nanti, cash cepat, cicilan online, cicilan tanpa kartu kredit, dana cepat, dana pinjaman, dana talangan, fintech lending, fintech pendanaan, gadai bpkb, gadai sertifikat, kartu kredit digital, kredit cepat cair, kredit digital, kredit elektronik, kredit hp, kredit instan, kredit kilat, kredit motor online, kredit multiguna, kredit online, kredit tanpa agunan, kredit tanpa jaminan, paylater, pinjam uang, pinjam uang cepat, pinjaman cepat cair, pinjaman cepat tanpa ribet, pinjaman dana, pinjaman gaji, pinjaman harian, pinjaman ibu rumah tangga, pinjaman ilegal, pinjaman instan, pinjaman karyawan, pinjaman kilat, pinjaman ktp saja, pinjaman langsung cair, pinjaman mahasiswa, pinjaman modal kerja, pinjaman modal usaha, pinjaman multiguna, pinjaman online, pinjaman online 24 jam, pinjaman online aman, pinjaman online bunga rendah, pinjaman online legal ojk, pinjaman online resmi, pinjaman online tanpa bi checking, pinjaman online tanpa ktp, pinjaman online tanpa slip gaji, pinjaman online terdaftar ojk, pinjaman online terpercaya, pinjaman pelajar, pinjaman pns, pinjaman rekening koran, pinjaman tanpa agunan, pinjaman tanpa jaminan, pinjaman tunai, pinjaman usaha kecil, pinjol, pinjol legal, pinjol terdaftar ojk, uang cepat, uang pinjaman"
KrediFazz - Dana Tunai Cepat,PT Kredifazz Digital Indonesia,7183249365355701661,support@kredifazz.id,https://kredifazz.id/,,3.2734594,60858,40704,1.000.000+,Keuangan,com.finaccel.kredifazz.pinjaman.uang.online.tunai.cepat,https://play.google.com/store/apps/details?id=com.finaccel.kredifazz.pinjaman.uang.online.tunai.cepat&hl=id&gl=id,Indonesia,"aplikasi dana tunai, cash kilat, fintech pendanaan, pinjaman pns"
Finku: Budget & Money Manager,PT Sahabat Finansial Kamu,PT+Sahabat+Finansial+Kamu,Tech@finku.id,https://finku.id,,4.768,2486,621,100.000+,Keuangan,com.finku,https://play.google.com/store/apps/details?id=com.finku&hl=id&gl=id,Indonesia,uang darurat
FinPlus - Pinjaman Uang Online,PT. Rezeki Bersama Teknologi,PT.+Rezeki+Bersama+Teknologi,finplus.indonesia@gmail.com,https://finplus.co.id/,,4.7315946,1107423,497345,10.000.000+,Keuangan,com.finplus.android,https://play.google.com/store/apps/details?id=com.finplus.android&hl=id&gl=id,Indonesia,"aplikasi dana tunai, aplikasi kredit, aplikasi kta, aplikasi pinjaman modal usaha, aplikasi pinjaman ojk, aplikasi pinjaman online, cash cepat, dana cepat, dana darurat, dana pinjaman, dana talangan, dompet digital pinjaman, fintech lending, fintech pendanaan, gadai sertifikat, kredit cepat cair, kredit digital, kredit instan, kredit kilat, kredit multiguna, kredit online, kredit tanpa agunan, kredit tanpa jaminan, kta online, p2p lending, peer to peer lending, pinjam uang, pinjam uang cepat, pinjam uang kilat, pinjaman cepat cair, pinjaman cepat tanpa ribet, pinjaman dana, pinjaman gaji, pinjaman harian, pinjaman ibu rumah tangga, pinjaman ilegal, pinjaman instan, pinjaman karyawan, pinjaman kilat, pinjaman ktp saja, pinjaman langsung cair, pinjaman mahasiswa, pinjaman modal kerja, pinjaman modal usaha, pinjaman multiguna, pinjaman online, pinjaman online 24 jam, pinjaman online aman, pinjaman online bunga rendah, pinjaman online legal ojk, pinjaman online resmi, pinjaman online tanpa bi checking, pinjaman online tanpa ktp, pinjaman online tanpa slip gaji, pinjaman online terdaftar ojk, pinjaman online terpercaya, pinjaman pelajar, pinjaman pns, pinjaman tanpa agunan, pinjaman tunai, pinjaman usaha kecil, pinjol, pinjol ilegal, pinjol legal, pinjol terdaftar ojk, uang cepat, uang pinjaman"
Easycash - Pinjaman Daring,PT. Indonesia Fintopia Technology,PT.+Indonesia+Fintopia+Technology,service@geteasycash.asia,https://easycash.id/,,4.606445,2659375,619539,50.000.000+,Keuangan,com.fintopia.idnEasycash.google,https://play.google.com/store/apps/details?id=com.fintopia.idnEasycash.google&hl=id&gl=id,Indonesia,"aplikasi cicilan, aplikasi dana tunai, aplikasi kredit, aplikasi pinjaman modal usaha, aplikasi pinjaman ojk, aplikasi pinjaman online, cash cepat, cash kilat, cicilan online, dana cepat, dana pinjaman, dompet digital pinjaman, e-wallet pinjaman, fintech lending, fintech pendanaan, gadai online, gadai sertifikat, kredit cepat cair, kredit digital, kredit instan, kredit kilat, kredit online, kredit tanpa agunan, kredit tanpa jaminan, kta online, p2p lending, pinjam uang, pinjam uang cepat, pinjam uang kilat, pinjaman cepat cair, pinjaman cepat tanpa ribet, pinjaman dana, pinjaman harian, pinjaman ibu rumah tangga, pinjaman ilegal, pinjaman instan, pinjaman kilat, pinjaman ktp saja, pinjaman langsung cair, pinjaman mahasiswa, pinjaman modal kerja, pinjaman modal usaha, pinjaman online, pinjaman online 24 jam, pinjaman online aman, pinjaman online bunga rendah, pinjaman online legal ojk, pinjaman online resmi, pinjaman online tanpa bi checking, pinjaman online tanpa ktp, pinjaman online terdaftar ojk, pinjaman online terpercaya, pinjaman pelajar, pinjaman pns, pinjaman tanpa agunan, pinjaman tanpa jaminan, pinjaman tunai, pinjol, pinjol legal, pinjol terdaftar ojk, uang cepat, uang pinjaman"
Pengelola Keuangan - Pembukuan,Horoscope365,6280187308200710213,freemanzk@163.com,https://money.quhou123.com/,,4.959853,305251,10976,5.000.000+,Keuangan,com.freeman.moneymanager,https://play.google.com/store/apps/details?id=com.freeman.moneymanager&hl=id&gl=id,Indonesia,uang darurat
GADAI BPKB,Dana Tunai Bandung,Dana+Tunai+Bandung,luckytur2807@gmail.com,https://gadaibpkb.co.id/,,5,47,26,1.000+,,com.gadai.bpkb,https://play.google.com/store/apps/details?id=com.gadai.bpkb&hl=id&gl=id,Indonesia,gadai bpkb
Goemas: Solusi Jual Beli Emas,Goemas: Solusi jual beli Emas,6527384321013199547,info@goemas.com,https://www.goemas.com/,,4.46,617,439,50.000+,Bisnis,com.goemas.mobile,https://play.google.com/store/apps/details?id=com.goemas.mobile&hl=id&gl=id,Indonesia,cicil emas
"GoPay: Transfer, Bayar, QRIS",PT. GoTo Gojek Tokopedia Tbk,4853785597837765677,customserservice@gopay.co.id,https://gopay.co.id/,,4.7178836,1773554,446213,100.000.000+,Keuangan,com.gojek.gopay,https://play.google.com/store/apps/details?id=com.gojek.gopay&hl=id&gl=id,Indonesia,"bayar nanti, belanja sekarang bayar nanti, dompet digital pinjaman, paylater"
Google Wallet,Google LLC,5700313618786177705,google-payments@google.com,https://pay.google.com/about,,4.4453506,2200091,965,1.000.000.000+,Keuangan,com.google.android.apps.walletnfcrel,https://play.google.com/store/apps/details?id=com.google.android.apps.walletnfcrel&hl=id&gl=id,Indonesia,virtual credit card
"Pengelola Uang：Anggaran, Biaya",Wow Techs,Wow+Techs,moneymanagerfeedback@outlook.com,https://www.aeenjoy.com/,,4.881188,4483,259,500.000+,Keuangan,com.happy.money_manager,https://play.google.com/store/apps/details?id=com.happy.money_manager&hl=id&gl=id,Indonesia,uang darurat
Harga Emas Antam,Digital Media Karya,6471108193028421251,digitalmedia.karya@gmail.com,https://cekhargaemas.com,,4.93,587,218,10.000+,Keuangan,com.hargaemashariini.antam,https://play.google.com/store/apps/details?id=com.hargaemashariini.antam&hl=id&gl=id,Indonesia,cicil emas
HexaCard - Payment cards,TRANSFEREASY LIMITED,TRANSFEREASY+LIMITED,support@hexacard.me,https://hexacard.me,,,,,100.000+,,com.hexocard.app,https://play.google.com/store/apps/details?id=com.hexocard.app&hl=id&gl=id,Indonesia,virtual credit card
Honest - Kartu Kredit & QRIS,Honest Financial Technologies,9208395928314234914,info@honestbank.com,https://honest.co.id,,4.823153,139695,65944,1.000.000+,Keuangan,com.honestbank.android,https://play.google.com/store/apps/details?id=com.honestbank.android&hl=id&gl=id,Indonesia,"cicilan tanpa kartu kredit, kartu kredit digital, kredit tanpa jaminan, virtual credit card"
Motorku X,PT Astra International Tbk - Honda,PT+Astra+International+Tbk+-+Honda,motorku_x@hso.astra.co.id,https://www.astramotor.co.id/,,4.1944866,26408,15003,1.000.000+,Otomotif,com.hso.motorku,https://play.google.com/store/apps/details?id=com.hso.motorku&hl=id&gl=id,Indonesia,kredit motor online
현대카드,Hyundai Card,Hyundai+Card,mobile.app@hyundaicard.com,http://www.hyundaicard.com,,4.67,406996,6,10.000.000+,Keuangan,com.hyundaicard.appcard,https://play.google.com/store/apps/details?id=com.hyundaicard.appcard&hl=id&gl=id,Indonesia,virtual credit card
BAF Mobile - Cicilan Pinjaman,PT Bussan Auto Finance,PT+Bussan+Auto+Finance,bafcs@baf.id,http://www.baf.id/,,4.7561784,146507,22257,1.000.000+,Keuangan,com.id.bussanautofinance,https://play.google.com/store/apps/details?id=com.id.bussanautofinance&hl=id&gl=id,Indonesia,"gadai bpkb, kredit hp, kredit motor online"
KrediOne-Pinjaman Daring,PT. Inovasi Terdepan Nusantara,PT.+Inovasi+Terdepan+Nusantara,cs@kredione.id,https://www.kredione.id,,4.526939,1082941,260468,10.000.000+,Keuangan,com.id.kredi360,https://play.google.com/store/apps/details?id=com.id.kredi360&hl=id&gl=id,Indonesia,"aplikasi cicilan, aplikasi kredit, aplikasi pinjaman ojk, aplikasi pinjaman online, cash cepat, cicilan online, dana pinjaman, dana talangan, fintech lending, fintech pendanaan, kredit cepat cair, kredit digital, kredit instan, kredit kilat, kredit online, kredit tanpa agunan, kredit tanpa jaminan, p2p lending, peer to peer lending, pinjam uang, pinjam uang cepat, pinjaman cepat cair, pinjaman cepat tanpa ribet, pinjaman dana, pinjaman harian, pinjaman ibu rumah tangga, pinjaman ilegal, pinjaman instan, pinjaman ktp saja, pinjaman langsung cair, pinjaman mahasiswa, pinjaman modal kerja, pinjaman online, pinjaman online 24 jam, pinjaman online aman, pinjaman online bunga rendah, pinjaman online legal ojk, pinjaman online resmi, pinjaman online terpercaya, pinjaman tanpa jaminan, pinjaman tunai, pinjol, pinjol legal, pinjol terdaftar ojk"
Pinjam Kilat-Pinjaman Dana,premjit sharma,premjit+sharma,premsharma2529@gmail.com,,,4.7735124,5182,792,100.000+,,com.ideo.pjkt,https://play.google.com/store/apps/details?id=com.ideo.pjkt&hl=id&gl=id,Indonesia,"cash kilat, dana darurat, kredit kilat, pinjam uang kilat, pinjaman kilat"
Indodana: PayLater & Pinjaman,PT Indodana Multi Finance,7812478841828843016,cs@indodana.com,https://www.indodana.id,,4.582625,2570514,637257,10.000.000+,Keuangan,com.indodana.app,https://play.google.com/store/apps/details?id=com.indodana.app&hl=id&gl=id,Indonesia,"aplikasi cicilan, aplikasi dana tunai, aplikasi kredit, aplikasi pinjaman ojk, aplikasi pinjaman online, bayar nanti, belanja sekarang bayar nanti, cicilan online, cicilan tanpa kartu kredit, dana talangan, e-wallet pinjaman, fintech lending, fintech pendanaan, kartu kredit digital, kredit cepat cair, kredit elektronik, kredit hp, kredit instan, kredit multiguna, kredit online, kredit tanpa agunan, kredit tanpa jaminan, paylater, pinjam uang, pinjaman cepat cair, pinjaman cepat tanpa ribet, pinjaman dana, pinjaman ibu rumah tangga, pinjaman instan, pinjaman ktp saja, pinjaman langsung cair, pinjaman modal kerja, pinjaman modal usaha, pinjaman multiguna, pinjaman online, pinjaman online aman, pinjaman online bunga rendah, pinjaman online resmi, pinjaman online tanpa slip gaji, pinjaman online terpercaya, pinjaman pns, pinjaman tanpa jaminan, pinjaman tunai, pinjol, pinjol legal, pinjol terdaftar ojk"
Indodana Fintech Pinjaman Dana,PT Artha Dana Teknologi,7043347911111106586,cs@indodana.com,https://www.indodanafintech.co.id/,,3.55,1203,725,100.000+,Keuangan,com.indodana.cashloan.app,https://play.google.com/store/apps/details?id=com.indodana.cashloan.app&hl=id&gl=id,Indonesia,"aplikasi dana tunai, aplikasi pinjaman modal usaha, dana talangan, fintech pendanaan, kredit multiguna, pinjaman multiguna, pinjaman pns"
UangIndo-Asisten Pinjaman,PT SOLUSI CERDAS TECH,PT+SOLUSI+CERDAS+TECH,member@ptsolusicerdas.com,https://uangindofin.com/,,4.5664115,209532,33928,1.000.000+,,com.indonesia.uang.uangin,https://play.google.com/store/apps/details?id=com.indonesia.uang.uangin&hl=id&gl=id,Indonesia,dana darurat
Indosaku-Pinjaman Cicilan Uang,PT. INDOSAKU DIGITAL TEKNOLOGI,PT.+INDOSAKU+DIGITAL+TEKNOLOGI,service@indosaku.id,http://www.indosaku.id,,4.7296743,533536,206520,10.000.000+,Keuangan,com.indosk.sensid,https://play.google.com/store/apps/details?id=com.indosk.sensid&hl=id&gl=id,Indonesia,"aplikasi cicilan, aplikasi kredit, aplikasi pinjaman ojk, aplikasi pinjaman online, cash cepat, cicilan online, dana talangan, fintech lending, fintech pendanaan, kredit cepat cair, kredit instan, kredit online, kredit tanpa agunan, kredit tanpa jaminan, pinjam uang, pinjam uang cepat, pinjaman cepat cair, pinjaman cepat tanpa ribet, pinjaman dana, pinjaman gaji, pinjaman harian, pinjaman ilegal, pinjaman instan, pinjaman ktp saja, pinjaman langsung cair, pinjaman mahasiswa, pinjaman modal usaha, pinjaman online, pinjaman online 24 jam, pinjaman online aman, pinjaman online bunga rendah, pinjaman online legal ojk, pinjaman online resmi, pinjaman online tanpa ktp, pinjaman online terdaftar ojk, pinjaman online terpercaya, pinjaman pelajar, pinjaman pns, pinjaman tanpa agunan, pinjaman tanpa jaminan, pinjaman tunai, pinjol, pinjol legal, pinjol terdaftar ojk, uang cepat, uang pinjaman"
Union Credit Card,Union Bank of India,Union+Bank+of+India,ccdit@unionbankofindia.bank,https://ubicards.unionbankofindia.co.in,,,,,100.000+,,com.isgl.ubi.ccms,https://play.google.com/store/apps/details?id=com.isgl.ubi.ccms&hl=id&gl=id,Indonesia,virtual credit card
Cairin: Pinjaman Dana Instan,PT. Idana Solusi Sejahtera,PT.+Idana+Solusi+Sejahtera,cs@cairin.id,http://www.cairin.id,,4.498056,394777,205482,10.000.000+,Keuangan,com.iss.client.cairin,https://play.google.com/store/apps/details?id=com.iss.client.cairin&hl=id&gl=id,Indonesia,"aplikasi dana tunai, aplikasi pinjaman modal usaha, dana darurat, dana pinjaman, dana talangan, e-wallet pinjaman, fintech pendanaan, kredit instan, pinjaman cepat tanpa ribet, pinjaman dana, pinjaman ibu rumah tangga, pinjaman ilegal, pinjaman instan, pinjaman karyawan, pinjaman ktp saja, pinjaman mahasiswa, pinjaman modal kerja, pinjaman modal usaha, pinjaman pns, pinjol, pinjol ilegal"
Buvei - Virtual Card & Pay,Buvei llc,Buvei+llc,support@buvei.com,https://buvei.com/,,,,,5.000+,,com.jackma1254.buveiapp,https://play.google.com/store/apps/details?id=com.jackma1254.buveiapp&hl=id&gl=id,Indonesia,virtual credit card
JULO: Pinjaman & Kredit Online,PT. JULO Teknologi Finansial,PT.+JULO+Teknologi+Finansial,info@julo.co.id,https://www.julo.co.id,,4.1792417,647239,284894,10.000.000+,Keuangan,com.julofinance.juloapp,https://play.google.com/store/apps/details?id=com.julofinance.juloapp&hl=id&gl=id,Indonesia,"aplikasi cicilan, aplikasi dana tunai, aplikasi kredit, aplikasi pinjaman modal usaha, aplikasi pinjaman ojk, aplikasi pinjaman online, cash kilat, cicilan online, cicilan tanpa kartu kredit, dana pinjaman, dana talangan, e-wallet pinjaman, fintech lending, fintech pendanaan, kartu kredit digital, kredit cepat cair, kredit digital, kredit elektronik, kredit hp, kredit instan, kredit kilat, kredit motor online, kredit multiguna, kredit online, kredit tanpa agunan, kredit tanpa jaminan, paylater, pinjam uang, pinjam uang cepat, pinjaman cepat cair, pinjaman cepat tanpa ribet, pinjaman dana, pinjaman gaji, pinjaman harian, pinjaman ibu rumah tangga, pinjaman ilegal, pinjaman instan, pinjaman karyawan, pinjaman ktp saja, pinjaman langsung cair, pinjaman mahasiswa, pinjaman modal kerja, pinjaman modal usaha, pinjaman multiguna, pinjaman online, pinjaman online 24 jam, pinjaman online aman, pinjaman online bunga rendah, pinjaman online legal ojk, pinjaman online resmi, pinjaman online tanpa bi checking, pinjaman online tanpa ktp, pinjaman online tanpa slip gaji, pinjaman online terdaftar ojk, pinjaman online terpercaya, pinjaman pelajar, pinjaman pns, pinjaman tanpa agunan, pinjaman tanpa jaminan, pinjaman tunai, pinjol, pinjol ilegal, pinjol legal, pinjol terdaftar ojk, uang pinjaman"
Pinjam Yuk–Pinjam Uang Daring,PT KuaiKuai Tech Indonesia,PT+KuaiKuai+Tech+Indonesia,cs@pinjamyuk.co.id,https://www.pinjamyuk.co.id/index,,4.7683325,1601023,372457,10.000.000+,Keuangan,com.kkii,https://play.google.com/store/apps/details?id=com.kkii&hl=id&gl=id,Indonesia,"aplikasi kredit, aplikasi pinjaman ojk, aplikasi pinjaman online, fintech lending, kredit cepat cair, kredit online, pinjam uang, pinjam uang cepat, pinjaman cepat cair, pinjaman cepat tanpa ribet, pinjaman dana, pinjaman harian, pinjaman ibu rumah tangga, pinjaman ilegal, pinjaman instan, pinjaman karyawan, pinjaman ktp saja, pinjaman langsung cair, pinjaman mahasiswa, pinjaman modal kerja, pinjaman modal usaha, pinjaman online, pinjaman online 24 jam, pinjaman online aman, pinjaman online bunga rendah, pinjaman online resmi, pinjaman online terpercaya, pinjaman tunai, pinjaman usaha kecil, pinjol, pinjol legal, pinjol terdaftar ojk, uang pinjaman"
KlikUMKM,PT Pinjaman Kemakmuran Rakyat,PT+Pinjaman+Kemakmuran+Rakyat,info@klikumkm.co.id,https://klikumkm.co.id/,,4.1715355,12984,4436,1.000.000+,Keuangan,com.klik.klikUMKM,https://play.google.com/store/apps/details?id=com.klik.klikUMKM&hl=id&gl=id,Indonesia,"aplikasi pinjaman modal usaha, dana talangan, pinjaman ibu rumah tangga, pinjaman karyawan, pinjaman modal kerja, pinjaman modal usaha, pinjaman multiguna, pinjaman pns, pinjaman umkm, pinjaman usaha kecil"
KlikCair - Pinjaman Daring,PT Klikcair Magga Jaya,PT+Klikcair+Magga+Jaya,info@klikcair.com,https://klikcair.com,,3.8774703,2464,1477,500.000+,Keuangan,com.klikcairapp,https://play.google.com/store/apps/details?id=com.klikcairapp&hl=id&gl=id,Indonesia,"aplikasi dana tunai, dana talangan, fintech pendanaan, kredit multiguna, pinjaman ibu rumah tangga, pinjaman karyawan, pinjaman multiguna, pinjaman pns"
Oren by KOPNUS,Koperasi Nusantara,Koperasi+Nusantara,product-dev@kopnus.com,https://kopnus.com,,3.6470587,986,540,100.000+,Keuangan,com.kopnus.kdigi,https://play.google.com/store/apps/details?id=com.kopnus.kdigi&hl=id&gl=id,Indonesia,pinjaman ibu rumah tangga
Artha Niaga - Koperasi Pinjam,KOPERASI SIMPAN PINJAM ARTHA NIAGA,KOPERASI+SIMPAN+PINJAM+ARTHA+NIAGA,ksparthaniagaedi@gmail.com,https://ksparthaniaga.com/,,4.770378,411028,151859,5.000.000+,,com.kpsto.artha.niaga,https://play.google.com/store/apps/details?id=com.kpsto.artha.niaga&hl=id&gl=id,Indonesia,"gadai sertifikat, pinjaman harian"
PinjamAmanah - Perantara,PT. INTERGLOBAL AKSES MEDIA,PT.+INTERGLOBAL+AKSES+MEDIA,cs@interglobalakses.com,https://www.interglobalakses.com/,,4.7594724,100170,28194,1.000.000+,Keuangan,com.kredit.uang.pinjaman.amanah,https://play.google.com/store/apps/details?id=com.kredit.uang.pinjaman.amanah&hl=id&gl=id,Indonesia,"aplikasi pinjaman modal usaha, dompet digital pinjaman, gadai sertifikat, kredit multiguna, kredit tanpa agunan, kredit tanpa jaminan, p2p lending, pinjaman ilegal, pinjaman karyawan, pinjaman modal kerja, pinjaman modal usaha, pinjaman multiguna, pinjaman rekening koran, pinjol ilegal, pinjol terdaftar ojk"
Kredito - Pinjaman Uang Daring,PT FINTEK DIGITAL INDONESIA,PT+FINTEK+DIGITAL+INDONESIA,cs@kredito.id,https://kredito.id/,,3.7189238,188332,100738,10.000.000+,Keuangan,com.kredito.fintek,https://play.google.com/store/apps/details?id=com.kredito.fintek&hl=id&gl=id,Indonesia,"aplikasi dana tunai, aplikasi kredit, dana talangan, fintech lending, fintech pendanaan, kredit cepat cair, kredit instan, kredit multiguna, kredit tanpa agunan, kredit tanpa jaminan, p2p lending, peer to peer lending, pinjam uang, pinjaman cepat tanpa ribet, pinjaman harian, pinjaman ibu rumah tangga, pinjaman instan, pinjaman ktp saja, pinjol, pinjol terdaftar ojk"
Kredit Pintar-Pinjaman Daring,PT. Kredit Pintar Indonesia,PT.+Kredit+Pintar+Indonesia,cs@kreditpintar.com,https://www.kreditpintar.com/,,4.283321,2398260,1317217,10.000.000+,Keuangan,com.kreditpintar,https://play.google.com/store/apps/details?id=com.kreditpintar&hl=id&gl=id,Indonesia,"aplikasi cicilan, aplikasi dana tunai, aplikasi kredit, aplikasi kta, aplikasi pinjaman modal usaha, aplikasi pinjaman ojk, aplikasi pinjaman online, cash cepat, cash kilat, cicilan online, fintech lending, fintech pendanaan, gadai sertifikat, kredit cepat cair, kredit digital, kredit elektronik, kredit instan, kredit kilat, kredit multiguna, kredit online, kredit tanpa agunan, kredit tanpa jaminan, kta online, p2p lending, peer to peer lending, pinjam uang, pinjam uang cepat, pinjam uang kilat, pinjaman cepat cair, pinjaman cepat tanpa ribet, pinjaman dana, pinjaman harian, pinjaman ibu rumah tangga, pinjaman ilegal, pinjaman instan, pinjaman karyawan, pinjaman kilat, pinjaman ktp saja, pinjaman langsung cair, pinjaman mahasiswa, pinjaman modal kerja, pinjaman modal usaha, pinjaman multiguna, pinjaman online, pinjaman online 24 jam, pinjaman online aman, pinjaman online bunga rendah, pinjaman online resmi, pinjaman online tanpa bi checking, pinjaman online tanpa ktp, pinjaman online terdaftar ojk, pinjaman online terpercaya, pinjaman pelajar, pinjaman pns, pinjaman tunai, pinjaman umkm, pinjaman usaha kecil, pinjol, pinjol ilegal, pinjol legal, pinjol terdaftar ojk, uang cepat"
Kreditplus Mobile #YakinBisa,PT KB Finansia Multi Finance,PT+KB+Finansia+Multi+Finance,cs@kreditplus.com,https://app.kreditplus.com/,,4.084197,7684,5304,1.000.000+,Keuangan,com.kreditplus.kpm.android,https://play.google.com/store/apps/details?id=com.kreditplus.kpm.android&hl=id&gl=id,Indonesia,"kredit hp, kredit motor online, kredit multiguna, kredit tanpa jaminan, pinjaman multiguna"
KTA KILAT - Pinjaman Online,PT Pendanaan Teknologi Nusa,PT+Pendanaan+Teknologi+Nusa,customer@pendanaan.com,https://www.pendanaan.com/,,4.673642,548848,261329,10.000.000+,Keuangan,com.ktakilat.loan,https://play.google.com/store/apps/details?id=com.ktakilat.loan&hl=id&gl=id,Indonesia,"aplikasi dana tunai, aplikasi kredit, aplikasi kta, aplikasi pinjaman modal usaha, aplikasi pinjaman ojk, aplikasi pinjaman online, cash cepat, cash kilat, fintech lending, fintech pendanaan, gadai sertifikat, kredit cepat cair, kredit instan, kredit kilat, kredit online, kredit tanpa agunan, kredit tanpa jaminan, kta online, pinjam uang, pinjam uang cepat, pinjam uang kilat, pinjaman cepat cair, pinjaman cepat tanpa ribet, pinjaman dana, pinjaman harian, pinjaman ilegal, pinjaman instan, pinjaman kilat, pinjaman ktp saja, pinjaman langsung cair, pinjaman mahasiswa, pinjaman modal kerja, pinjaman modal usaha, pinjaman online, pinjaman online 24 jam, pinjaman online aman, pinjaman online bunga rendah, pinjaman online legal ojk, pinjaman online resmi, pinjaman online tanpa bi checking, pinjaman online tanpa ktp, pinjaman online terdaftar ojk, pinjaman online terpercaya, pinjaman pelajar, pinjaman pns, pinjaman tanpa agunan, pinjaman tanpa jaminan, pinjaman tunai, pinjaman usaha kecil, pinjol, pinjol ilegal, pinjol legal, pinjol terdaftar ojk, uang cepat"
Lakuemas,Lakuemas,Lakuemas,support@lakuemas.com,http://www.lakuemas.com,,4.6180124,12827,8280,500.000+,Keuangan,com.lakuemas.app,https://play.google.com/store/apps/details?id=com.lakuemas.app&hl=id&gl=id,Indonesia,cicil emas
Lazada 7.7 Sale,Lazada Mobile,6910719627384765267,help@lazada.com,http://www.lazada.com,,4.6872683,29198652,3261218,500.000.000+,Belanja,com.lazada.android,https://play.google.com/store/apps/details?id=com.lazada.android&hl=id&gl=id,Indonesia,paylater
Link UMKM,PT Bank Rakyat Indonesia (Persero) Tbk.,PT+Bank+Rakyat+Indonesia+(Persero)+Tbk.,redaksi@bririns.or.id,https://linkumkm.id/,,3.909091,11,7,1.000+,Pendidikan,com.linkumkmv3.apps,https://play.google.com/store/apps/details?id=com.linkumkmv3.apps&hl=id&gl=id,Indonesia,pinjaman umkm
RupiahCepat - Pinjaman Dana,PT KreditUtamaFintechIndonesia,PT+KreditUtamaFintechIndonesia,cs@rupiahcepat.co.id,https://www.rupiahcepat.co.id,,4.6108127,1613336,648569,10.000.000+,Keuangan,com.loan.cash.credit.easy.kilat.cepat.pinjam.uang.dana.rupiah,https://play.google.com/store/apps/details?id=com.loan.cash.credit.easy.kilat.cepat.pinjam.uang.dana.rupiah&hl=id&gl=id,Indonesia,"aplikasi cicilan, aplikasi dana tunai, aplikasi kredit, aplikasi kta, aplikasi pinjaman modal usaha, aplikasi pinjaman ojk, aplikasi pinjaman online, cash cepat, cash kilat, cicilan online, dana cepat, dana darurat, dana pinjaman, dana talangan, dompet digital pinjaman, e-wallet pinjaman, fintech lending, fintech pendanaan, gadai bpkb, gadai sertifikat, kredit cepat cair, kredit digital, kredit elektronik, kredit instan, kredit kilat, kredit multiguna, kredit online, kredit tanpa agunan, kredit tanpa jaminan, kta online, p2p lending, peer to peer lending, pinjam uang, pinjam uang cepat, pinjam uang kilat, pinjaman cepat cair, pinjaman cepat tanpa ribet, pinjaman dana, pinjaman gaji, pinjaman harian, pinjaman ibu rumah tangga, pinjaman ilegal, pinjaman instan, pinjaman karyawan, pinjaman kilat, pinjaman ktp saja, pinjaman langsung cair, pinjaman mahasiswa, pinjaman modal kerja, pinjaman modal usaha, pinjaman multiguna, pinjaman online, pinjaman online 24 jam, pinjaman online aman, pinjaman online bunga rendah, pinjaman online legal ojk, pinjaman online resmi, pinjaman online tanpa bi checking, pinjaman online tanpa ktp, pinjaman online tanpa slip gaji, pinjaman online terdaftar ojk, pinjaman online terpercaya, pinjaman pelajar, pinjaman pns, pinjaman rekening koran, pinjaman tanpa agunan, pinjaman tanpa jaminan, pinjaman tunai, pinjaman umkm, pinjol, pinjol legal, pinjol terdaftar ojk, uang cepat, uang pinjaman"
Fyatu - Carte Virtuelle VISA,Fyatu Ltd,Fyatu+Ltd,support@fyatu.com,https://fyatu.com,,2.8888888,5208,5,100.000+,,com.mercipro.fyatu,https://play.google.com/store/apps/details?id=com.mercipro.fyatu&hl=id&gl=id,Indonesia,virtual credit card
Dumi - Sahabat ASN Indonesia,Fidac Inovasi Teknologi,Fidac+Inovasi+Teknologi,cs@minjem.com,https://minjem.com,,4.507622,6550,2910,100.000+,,com.minjem.dumi,https://play.google.com/store/apps/details?id=com.minjem.dumi&hl=id&gl=id,Indonesia,pinjaman pns
UKU - Pinjaman Dana Digital,PT Teknologi Merlin Sejahtera,PT+Teknologi+Merlin+Sejahtera,cs@ukuindo.com,https://ukuindo.com,,4.597135,381835,147645,10.000.000+,Keuangan,com.mintq.gocash,https://play.google.com/store/apps/details?id=com.mintq.gocash&hl=id&gl=id,Indonesia,"aplikasi dana tunai, aplikasi kredit, aplikasi pinjaman modal usaha, aplikasi pinjaman ojk, aplikasi pinjaman online, dana pinjaman, dana talangan, fintech lending, kredit cepat cair, pinjam uang, pinjaman cepat cair, pinjaman cepat tanpa ribet, pinjaman dana, pinjaman harian, pinjaman ilegal, pinjaman instan, pinjaman karyawan, pinjaman ktp saja, pinjaman langsung cair, pinjaman mahasiswa, pinjaman modal kerja, pinjaman modal usaha, pinjaman online, pinjaman online 24 jam, pinjaman online bunga rendah, pinjaman online resmi, pinjaman online terpercaya, pinjaman pelajar, pinjaman tunai, pinjaman umkm, pinjol, pinjol legal"
Modal Nasional-Pinjaman Daring,PT Solusi Teknologi Finansial,PT+Solusi+Teknologi+Finansial,help@modalnasional.co.id,https://www.modalnasional.co.id,,4.5153837,456189,248402,10.000.000+,Keuangan,com.modalnasional.fintech,https://play.google.com/store/apps/details?id=com.modalnasional.fintech&hl=id&gl=id,Indonesia,"aplikasi pinjaman modal usaha, cash cepat, fintech lending, fintech pendanaan, pinjaman harian, pinjaman ilegal, pinjaman modal kerja, pinjaman modal usaha, pinjaman multiguna, pinjaman pns, pinjol, pinjol legal"
Mother Simulator: Family life,Take Top Entertainment,8428497551407415293,contact@taketopgames.com,https://taketopgames.com/,,4.191438,169253,13414,50.000.000+,Simulasi; Kehidupan; Kasual; Single player; Bergaya unik; Offline,com.mothersimulator3d2,https://play.google.com/store/apps/details?id=com.mothersimulator3d2&hl=id&gl=id,Indonesia,pinjaman ibu rumah tangga
KlikKami - Pinjaman Daring,PT.Harapan Fintech Indonesia,PT.Harapan+Fintech+Indonesia,klikkami2020@gmail.com,https://www.klikkami.co.id/,,4.4682236,400973,116891,5.000.000+,Keuangan,com.myapp.klikkami,https://play.google.com/store/apps/details?id=com.myapp.klikkami&hl=id&gl=id,Indonesia,"fintech pendanaan, kredit tanpa jaminan, pinjaman ibu rumah tangga"
Kredinesia - Pinjaman Daring,PT Kreditku Teknologi Indonesia,PT+Kreditku+Teknologi+Indonesia,cs@kredinesia.id,http://www.kredinesia.id,,3.814677,104788,58069,5.000.000+,Keuangan,com.onecard.kredinesia,https://play.google.com/store/apps/details?id=com.onecard.kredinesia&hl=id&gl=id,Indonesia,"dana talangan, kredit multiguna, kredit tanpa jaminan, pinjaman multiguna, pinjaman pns"
Dompet Digital,Dwijaya Mandiri Sejahtera Indonesia,Dwijaya+Mandiri+Sejahtera+Indonesia,info@dompetdigital.web.id,https://dompetdigital.web.id,,4.19,254,173,10.000+,Bisnis,com.otoreport.dompetdigitalapp,https://play.google.com/store/apps/details?id=com.otoreport.dompetdigitalapp&hl=id&gl=id,Indonesia,dompet digital pinjaman
"Pandai Gadai: HP, Emas, & BPKB",Pandai Gadai,7495982945666786751,hello@pandaigadai.com,https://pandaigadai.com,,4.866667,1024,851,100.000+,Keuangan,com.pandaigadai,https://play.google.com/store/apps/details?id=com.pandaigadai&hl=id&gl=id,Indonesia,"gadai bpkb, gadai emas online, gadai online, gadai sertifikat"
Panduan Aktifkan Dana Paylater,Nindya Anggraini,Nindya+Anggraini,abidnindya95@gmail.com,https://abdabkr.blogspot.com/ads.txt,,,,,1.000+,,com.panduan.aktifkan.payltr.dana.abd,https://play.google.com/store/apps/details?id=com.panduan.aktifkan.payltr.dana.abd&hl=id&gl=id,Indonesia,paylater
PayLater - Split in 4 payments,PayLater,PayLater,support@paylaterapp.com,https://paylaterapp.com,,3.3666666,2518,14,500.000+,Keuangan,com.paylaterapp.paylater,https://play.google.com/store/apps/details?id=com.paylaterapp.paylater&hl=id&gl=id,Indonesia,"bayar nanti, belanja sekarang bayar nanti, paylater"
Pohondana : Pinjaman Karyawan,PT. Pohon Dana Indonesia,5127434895969455601,customerservice@pohondana.id,https://www.pohondana.id/,,2.1851852,27,16,10.000+,Keuangan,com.pdi.pohondana,https://play.google.com/store/apps/details?id=com.pdi.pohondana&hl=id&gl=id,Indonesia,pinjaman karyawan
Agen Pegadaian,PT Pegadaian (Persero),PT+Pegadaian+(Persero),digital@pegadaian.co.id,http://www.pegadaian.co.id,,4.0869565,2975,1328,500.000+,Keuangan,com.pegadaianagen,https://play.google.com/store/apps/details?id=com.pegadaianagen&hl=id&gl=id,Indonesia,"cicil emas, gadai emas online, gadai online, gadai sertifikat"
Tring! by Pegadaian,PT Pegadaian (Persero),PT+Pegadaian+(Persero),digital@pegadaian.co.id,https://digital.pegadaian.co.id,,4.461336,137936,75069,10.000.000+,Keuangan,com.pegadaiandigital,https://play.google.com/store/apps/details?id=com.pegadaiandigital&hl=id&gl=id,Indonesia,"cicil emas, gadai bpkb, gadai emas online, gadai online, gadai sertifikat"
Pusat Gadai Indonesia,PT. Pusat Gadai Indonesia,7672791109525581176,pgibisnis@gmail.com,https://pusatgadaiindonesia.id,,3.8325992,2279,1097,500.000+,Keuangan,com.pgi.gaol,https://play.google.com/store/apps/details?id=com.pgi.gaol&hl=id&gl=id,Indonesia,"gadai bpkb, gadai emas online, gadai online, gadai sertifikat"
Pijar: Pinjaman Jaminan Rumah,PT Iki Karunia Indonesia,PT+Iki+Karunia+Indonesia,hello@pijar.com,https://pijar.com,,3.55,118,95,50.000+,Keuangan,com.pijarmobile,https://play.google.com/store/apps/details?id=com.pijarmobile&hl=id&gl=id,Indonesia,gadai sertifikat
Pilih Kredit-Kumpulan Pinjaman,PT Estrend Teknologi Digital,PT+Estrend+Teknologi+Digital,cs@pilihkredit.id,https://www.pilihkredit.id,,3.9464285,2797,1738,500.000+,Keuangan,com.pilihid.kreditid.pilihkredit,https://play.google.com/store/apps/details?id=com.pilihid.kreditid.pilihkredit&hl=id&gl=id,Indonesia,"kredit instan, kredit multiguna, kredit tanpa agunan, kredit tanpa jaminan, pinjaman pns"
News Gadai BPKB,Dana Tunai Bandung,Dana+Tunai+Bandung,info@pinjam.gadaibpkb.co.id,https://pinjam.gadaibpkb.co.id/,,,,,50+,,com.pinjam.gadaibpkb,https://play.google.com/store/apps/details?id=com.pinjam.gadaibpkb&hl=id&gl=id,Indonesia,gadai bpkb
Pinjam Aja,PT. SELALU SUKSES INDONESIA,PT.+SELALU+SUKSES+INDONESIA,pinjamaja@outlook.com,https://yfjzioqzd.pinjamaja.com/agreement,,4.899565,20501,3234,100.000+,,com.pinjamaja.money.loan,https://play.google.com/store/apps/details?id=com.pinjamaja.money.loan&hl=id&gl=id,Indonesia,"aplikasi pinjaman modal usaha, e-wallet pinjaman, fintech pendanaan, kredit instan, kredit tanpa jaminan, pinjaman ilegal, pinjaman karyawan, pinjaman pns"
Cara Paylater Dana Cicil,Housematee,Housematee,adjidishub@gmail.com,https://pinjamandanapaylater.blogspot.com/ads.txt,,4.652174,717,95,5.000+,,com.pinjamandana.paylater.cicil,https://play.google.com/store/apps/details?id=com.pinjamandana.paylater.cicil&hl=id&gl=id,Indonesia,paylater
PinjamanGo-Pinjaman Uang Cepat,PT. Dana Pinjaman Inklusif,8192548313928270482,cs@pinjamango.co.id,https://www.pinjamango.co.id,,4.5369697,660382,262666,5.000.000+,Keuangan,com.pinjamango,https://play.google.com/store/apps/details?id=com.pinjamango&hl=id&gl=id,Indonesia,"aplikasi dana tunai, aplikasi pinjaman modal usaha, cash cepat, cash kilat, dana darurat, dana talangan, dompet digital pinjaman, kredit cepat cair, kredit instan, kredit kilat, kredit multiguna, kredit tanpa agunan, pinjam uang, pinjaman cepat tanpa ribet, pinjaman dana, pinjaman harian, pinjaman ibu rumah tangga, pinjaman ilegal, pinjaman instan, pinjaman karyawan, pinjaman kilat, pinjaman ktp saja, pinjaman mahasiswa, pinjaman modal kerja, pinjaman modal usaha, pinjaman multiguna, pinjaman online, pinjaman pns, pinjaman rekening koran, pinjol, pinjol terdaftar ojk, uang cepat, uang darurat"
PinjamFlexi,Hayat Sasirangan,Hayat+Sasirangan,pinjamflexi79@gmail.com,https://www.hayatsasi.com/,,4.7173996,26088,4637,500.000+,Keuangan,com.pinjamflexi.loan,https://play.google.com/store/apps/details?id=com.pinjamflexi.loan&hl=id&gl=id,Indonesia,pinjaman pns
Pinjam Modal,PT Finansial Integrasi Teknologi,PT+Finansial+Integrasi+Teknologi,customer@pinjammodal.id,https://www.pinjammodal.id/,,3.0813253,33261,24608,1.000.000+,,com.pinjammodal,https://play.google.com/store/apps/details?id=com.pinjammodal&hl=id&gl=id,Indonesia,"aplikasi pinjaman modal usaha, pinjaman karyawan, pinjaman modal kerja, pinjaman modal usaha"
PinjamPlus - Pinjaman KTA,RUTAS VIAJES COMPANY LIMITED,RUTAS+VIAJES+COMPANY+LIMITED,erdom2211@gmail.com,https://www.ptrutasviajes.com/,,4.858858,64659,11004,1.000.000+,,com.pinjamplus.id,https://play.google.com/store/apps/details?id=com.pinjamplus.id&hl=id&gl=id,Indonesia,"aplikasi kta, kta online, pinjaman pns"
Pinjamin - Kredit Dana,PT. PROGO PUNCAK GROUP,6371379239811370862,cs@mail.pinjamin.com,https://pinjamin.com,,4.6916647,199006,66665,10.000.000+,Keuangan,com.pinjamwinwin,https://play.google.com/store/apps/details?id=com.pinjamwinwin&hl=id&gl=id,Indonesia,"e-wallet pinjaman, kredit instan, kredit multiguna, kredit tanpa agunan, kredit tanpa jaminan, pinjaman karyawan"
Pyypl - it’s your money,Pyypl,Pyypl,care@pyypl.com,http://www.pyypl.com,,3.1188118,58900,79,5.000.000+,Keuangan,com.pyypl,https://play.google.com/store/apps/details?id=com.pyypl&hl=id&gl=id,Indonesia,virtual credit card
Solusiku - Pinjaman Online,PT.ANUGERAH DIGITAL INDONESIA,6219310612662556259,cs@solusi-ku.id,,,4.698359,16593,8217,1.000.000+,,com.qm.adi,https://play.google.com/store/apps/details?id=com.qm.adi&hl=id&gl=id,Indonesia,"aplikasi pinjaman modal usaha, fintech lending, fintech pendanaan, gadai sertifikat, kredit instan, kredit tanpa agunan, kredit tanpa jaminan, pinjaman harian, pinjaman ilegal, pinjaman instan, pinjaman karyawan, pinjaman ktp saja, pinjaman mahasiswa, pinjaman modal kerja, pinjaman modal usaha, pinjaman online tanpa slip gaji, pinjaman pns, pinjol, pinjol legal, pinjol terdaftar ojk"
Raja Emas,Raja Emas Indonesia,8781361404840763427,rajaemasindonesia@gmail.com,https://rajaemasindonesia.co.id,,4.57,126,85,10.000+,,com.rajaemasmurni,https://play.google.com/store/apps/details?id=com.rajaemasmurni&hl=id&gl=id,Indonesia,cicil emas
MyRG - Raja Gadai App,Segiputera Teknologi Indonesia,Segiputera+Teknologi+Indonesia,info@rajagadai.id,https://rajagadai.id/,,2.39,866,664,100.000+,Keuangan,com.rajagadai.app.raja_gadai,https://play.google.com/store/apps/details?id=com.rajagadai.app.raja_gadai&hl=id&gl=id,Indonesia,"gadai bpkb, gadai emas online, gadai online, gadai sertifikat"
Emas Now,PT. THE EMAS NOW,PT.+THE+EMAS+NOW,emasnowofficial@gmail.com,https://emasnow.id,,,,,100+,,com.rayaska.emas_now,https://play.google.com/store/apps/details?id=com.rayaska.emas_now&hl=id&gl=id,Indonesia,cicil emas
Pengelola Keuangan,Realbyte Inc.,Realbyte+Inc.,help@realbyteapps.com,http://realbyteapps.com,,4.8741007,459441,8858,10.000.000+,Keuangan,com.realbyteapps.moneymanagerfree,https://play.google.com/store/apps/details?id=com.realbyteapps.moneymanagerfree&hl=id&gl=id,Indonesia,uang darurat
Revolut — Banking & Beyond,Revolut Ltd,4839729021595729654,feedback@revolut.com,https://www.revolut.com/,,4.588785,4044112,720,50.000.000+,Keuangan,com.revolut.revolut,https://play.google.com/store/apps/details?id=com.revolut.revolut&hl=id&gl=id,Indonesia,virtual credit card
Sadana Gadai Syariah,Sadana Gadai Syariah,Sadana+Gadai+Syariah,gadaisyariahsadana@gmail.com,https://sadanagadaisyariah.id,,,,,100+,Keuangan,com.sadana.gadaiapp,https://play.google.com/store/apps/details?id=com.sadana.gadaiapp&hl=id&gl=id,Indonesia,"gadai online, gadai sertifikat"
Samir - Pinjaman Daring,PT SAHABAT MIKRO FINTEK,PT+SAHABAT+MIKRO+FINTEK,customerservice@samir.co.id,https://samir.co.id,,4.309262,219364,70623,10.000.000+,Keuangan,com.sahabatmikro,https://play.google.com/store/apps/details?id=com.sahabatmikro&hl=id&gl=id,Indonesia,"aplikasi kredit, fintech lending, pinjam uang, pinjaman cepat cair, pinjaman cepat tanpa ribet, pinjaman dana, pinjaman harian, pinjaman ilegal, pinjaman ktp saja, pinjaman mahasiswa, pinjaman online, pinjaman online bunga rendah, pinjaman online resmi, pinjol, pinjol ilegal, pinjol legal, pinjol terdaftar ojk"
Seen Mobile - Build Credit,"Seen Finance, Inc.","Seen+Finance,+Inc.",help@seen.com,https://seen.com,,,,,100.000+,Keuangan,com.seenfinance.app,https://play.google.com/store/apps/details?id=com.seenfinance.app&hl=id&gl=id,Indonesia,virtual credit card
Amar Bank: Tabungan & Celengan,PT Bank Amar Indonesia Tbk.,7651433249565482955,support@amarbank.co.id,https://amarbank.co.id/,,4.7458634,70584,24115,1.000.000+,Keuangan,com.senyumkubank.rekeningonline,https://play.google.com/store/apps/details?id=com.senyumkubank.rekeningonline&hl=id&gl=id,Indonesia,pinjaman rekening koran
ShariaCoin – Emas & Perak,PT. Syariah Koin Indonesia,9171667595010449487,info@shariacoin.co.id,https://www.shariacoin.co.id,,3.1,643,355,500.000+,Keuangan,com.shariacoin.sc,https://play.google.com/store/apps/details?id=com.shariacoin.sc&hl=id&gl=id,Indonesia,cicil emas
Shopee Indonesia,Shopee Indonesia,Shopee+Indonesia,help@support.shopee.co.id,https://shopee.co.id,,4.5622797,18484578,5861732,100.000.000+,Belanja,com.shopee.id,https://play.google.com/store/apps/details?id=com.shopee.id&hl=id&gl=id,Indonesia,"belanja sekarang bayar nanti, paylater"
ShopeePay – Dompet Serba Bisa,PT. AIRPAY INTERNATIONAL INDONESIA,PT.+AIRPAY+INTERNATIONAL+INDONESIA,help@support.shopee.co.id,https://shopeepay.co.id,,4.727232,1295770,167284,50.000.000+,Keuangan,com.shopeepay.id,https://play.google.com/store/apps/details?id=com.shopeepay.id&hl=id&gl=id,Indonesia,"bayar nanti, belanja sekarang bayar nanti, dompet digital pinjaman, e-wallet pinjaman, paylater"
AsetKu - Pinjaman Daring,PT Pintar Inovasi Digital,PT+Pintar+Inovasi+Digital,cs@asetku.com,https://www.asetku.co.id,,4.4215684,60608,36736,1.000.000+,Keuangan,com.silvrr.finance,https://play.google.com/store/apps/details?id=com.silvrr.finance&hl=id&gl=id,Indonesia,"aplikasi pinjaman modal usaha, dana talangan, fintech pendanaan, gadai sertifikat, pinjaman karyawan, pinjaman pns, pinjol terdaftar ojk"
BantuSaku- Pinjaman Daring,PT. Smartec Teknologi Indonesia,PT.+Smartec+Teknologi+Indonesia,cs@bantusaku.id,https://bantusaku.id,,4.7990522,2174490,967679,10.000.000+,Keuangan,com.smartec.ft,https://play.google.com/store/apps/details?id=com.smartec.ft&hl=id&gl=id,Indonesia,"aplikasi dana tunai, aplikasi kredit, aplikasi kta, aplikasi pinjaman modal usaha, aplikasi pinjaman ojk, aplikasi pinjaman online, cash cepat, cash kilat, dana cepat, dana darurat, dana pinjaman, dana talangan, dompet digital pinjaman, fintech lending, fintech pendanaan, gadai sertifikat, kredit cepat cair, kredit instan, kredit kilat, kredit multiguna, kredit online, kredit tanpa agunan, kredit tanpa jaminan, kta online, p2p lending, peer to peer lending, pinjam uang, pinjam uang cepat, pinjaman cepat cair, pinjaman cepat tanpa ribet, pinjaman dana, pinjaman gaji, pinjaman harian, pinjaman ibu rumah tangga, pinjaman ilegal, pinjaman instan, pinjaman karyawan, pinjaman kilat, pinjaman ktp saja, pinjaman langsung cair, pinjaman mahasiswa, pinjaman modal kerja, pinjaman modal usaha, pinjaman multiguna, pinjaman online, pinjaman online 24 jam, pinjaman online aman, pinjaman online bunga rendah, pinjaman online legal ojk, pinjaman online resmi, pinjaman online tanpa bi checking, pinjaman online tanpa ktp, pinjaman online tanpa slip gaji, pinjaman online terdaftar ojk, pinjaman online terpercaya, pinjaman pelajar, pinjaman pns, pinjaman rekening koran, pinjaman tanpa agunan, pinjaman tanpa jaminan, pinjaman tunai, pinjaman usaha kecil, pinjol, pinjol ilegal, pinjol legal, pinjol terdaftar ojk, uang cepat, uang pinjaman"
Money Flow: Catatan Keuangan,Aleksey M.,Aleksey+M.,znich.soft@gmail.com,,,,,,10.000+,Keuangan,com.soft.znich.FlowmoPro,https://play.google.com/store/apps/details?id=com.soft.znich.FlowmoPro&hl=id&gl=id,Indonesia,uang darurat
SolusiDana - Dana Darurat Tips,PT. DANA TUNAI CEPAT,7908322874642144125,admin@dtcloan.online,https://www.dtcloan.online/p/about-us.html,,3.2,7,3,5.000+,Keuangan,com.solusidana.simulasi,https://play.google.com/store/apps/details?id=com.solusidana.simulasi&hl=id&gl=id,Indonesia,dana darurat
TikTok,TikTok Pte. Ltd.,TikTok+Pte.+Ltd.,feedback@tiktok.com,https://www.tiktok.com/,,4.079304,23545285,4082534,1.000.000.000+,Pemutar & Editor Video,com.ss.android.ugc.trill,https://play.google.com/store/apps/details?id=com.ss.android.ugc.trill&hl=id&gl=id,Indonesia,paylater
PinjamDuit - Pinjaman Daring,PT Stanford Teknologi Indonesia,PT+Stanford+Teknologi+Indonesia,cs@pinjamduit.co.id,https://www.pinjamduit.co.id/,,4.6196322,2472567,528340,10.000.000+,Keuangan,com.stanfordtek.pinjamduit,https://play.google.com/store/apps/details?id=com.stanfordtek.pinjamduit&hl=id&gl=id,Indonesia,"aplikasi dana tunai, cash cepat, dana cepat, dana darurat, dana pinjaman, kredit cepat cair, kredit instan, kredit kilat, kredit tanpa agunan, pinjam uang, pinjaman cepat cair, pinjaman cepat tanpa ribet, pinjaman dana, pinjaman harian, pinjaman ibu rumah tangga, pinjaman ilegal, pinjaman instan, pinjaman ktp saja, pinjaman mahasiswa, pinjaman online, pinjaman online bunga rendah, pinjaman online resmi, pinjol, pinjol legal, pinjol terdaftar ojk, uang cepat"
E-Wallet,Shine Apps Services,9082871468569972928,shineappservice@gmail.com,https://honghai78.github.io,,3.53,1315,312,500.000+,Keuangan,com.terralogic.mywallet,https://play.google.com/store/apps/details?id=com.terralogic.mywallet&hl=id&gl=id,Indonesia,e-wallet pinjaman
Gift & Credit Card Wallet,Texode Technologies LLC,Texode+Technologies+LLC,softdev@texode.com,https://texode.com,,4.3333335,5532,27,500.000+,Keuangan,com.texode.securecard,https://play.google.com/store/apps/details?id=com.texode.securecard&hl=id&gl=id,Indonesia,virtual credit card
Treasury - Investasi Emas,"Indonesia Logam Pratama, PT",4872746829384508748,support@treasury.id,https://www.treasury.id,,4.720681,35879,27670,1.000.000+,Keuangan,com.treasury.apps,https://play.google.com/store/apps/details?id=com.treasury.apps&hl=id&gl=id,Indonesia,"cicil emas, gadai emas online"
Tunai Cakra - Kredit Online,PT DIGITAL VISION SOFTWORKS,PT+DIGITAL+VISION+SOFTWORKS,info@digitalvisionsoftworks.com,https://www.digitalvisionsoftworks.com,,4.7992964,66569,14232,1.000.000+,Keuangan,com.tunai.cakra.amanah,https://play.google.com/store/apps/details?id=com.tunai.cakra.amanah&hl=id&gl=id,Indonesia,"kredit digital, kredit multiguna"
Tunaiku - Pinjaman Dana Online,PT Bank Amar Indonesia Tbk.,7651433249565482955,tanya@amarbank.co.id,https://tunaiku.com,,4.7194157,1430114,992879,10.000.000+,Keuangan,com.tunaikumobile.app,https://play.google.com/store/apps/details?id=com.tunaikumobile.app&hl=id&gl=id,Indonesia,"aplikasi cicilan, aplikasi dana tunai, aplikasi kredit, aplikasi kta, aplikasi pinjaman modal usaha, aplikasi pinjaman ojk, aplikasi pinjaman online, cash cepat, cicilan online, dana cepat, dana darurat, dana pinjaman, dana talangan, fintech lending, gadai sertifikat, kredit cepat cair, kredit digital, kredit instan, kredit multiguna, kredit online, kredit tanpa agunan, kredit tanpa jaminan, kta online, pinjam uang, pinjam uang cepat, pinjam uang kilat, pinjaman cepat cair, pinjaman cepat tanpa ribet, pinjaman dana, pinjaman gaji, pinjaman harian, pinjaman ibu rumah tangga, pinjaman ilegal, pinjaman instan, pinjaman karyawan, pinjaman kilat, pinjaman ktp saja, pinjaman langsung cair, pinjaman mahasiswa, pinjaman modal kerja, pinjaman modal usaha, pinjaman multiguna, pinjaman online, pinjaman online 24 jam, pinjaman online aman, pinjaman online bunga rendah, pinjaman online legal ojk, pinjaman online resmi, pinjaman online tanpa bi checking, pinjaman online tanpa ktp, pinjaman online tanpa slip gaji, pinjaman online terdaftar ojk, pinjaman online terpercaya, pinjaman pelajar, pinjaman rekening koran, pinjaman tanpa agunan, pinjaman tanpa jaminan, pinjaman tunai, pinjaman umkm, pinjaman usaha kecil, pinjol, pinjol ilegal, pinjol legal, pinjol terdaftar ojk, uang cepat, uang pinjaman"
Kredit Kancil - Pinjaman Aman,PT. SOFTWARE SOLUSI INDONESIA,PT.+SOFTWARE+SOLUSI+INDONESIA,customer@softwaresolusi.com,https://www.softwaresolusi.com,,4.7821627,75373,15719,1.000.000+,Keuangan,com.uang.pintar.kredit.kancil,https://play.google.com/store/apps/details?id=com.uang.pintar.kredit.kancil&hl=id&gl=id,Indonesia,"dana talangan, kredit instan, kredit kilat, kredit multiguna, kredit tanpa agunan, kredit tanpa jaminan, pinjaman ibu rumah tangga, pinjaman ilegal, pinjaman karyawan, pinjaman mahasiswa, pinjaman online tanpa bi checking, pinjol ilegal, pinjol terdaftar ojk"
UATAS : Pinjaman Dana Online,PT. Plus Ultra Abadi,PT.+Plus+Ultra+Abadi,cs.support@uatas.id,http://uatas.id,,4.7170677,1401627,823831,10.000.000+,Keuangan,com.uatas.android,https://play.google.com/store/apps/details?id=com.uatas.android&hl=id&gl=id,Indonesia,"aplikasi dana tunai, aplikasi kredit, aplikasi kta, aplikasi pinjaman modal usaha, aplikasi pinjaman online, cash cepat, dana darurat, dana pinjaman, dana talangan, fintech lending, kredit cepat cair, kredit digital, kredit instan, kredit multiguna, kredit tanpa agunan, kta online, pinjam uang, pinjaman cepat cair, pinjaman cepat tanpa ribet, pinjaman dana, pinjaman gaji, pinjaman harian, pinjaman ilegal, pinjaman instan, pinjaman karyawan, pinjaman ktp saja, pinjaman langsung cair, pinjaman mahasiswa, pinjaman modal kerja, pinjaman modal usaha, pinjaman multiguna, pinjaman online, pinjaman online aman, pinjaman online bunga rendah, pinjaman online legal ojk, pinjaman online resmi, pinjaman online tanpa ktp, pinjaman online tanpa slip gaji, pinjaman pelajar, pinjaman umkm, pinjol, pinjol ilegal, pinjol legal, pinjol terdaftar ojk, uang cepat, uang darurat"
KreditOK,PT. DOEKU PEDULI INDONESIA,PT.+DOEKU+PEDULI+INDONESIA,cs@kreditok.id,,,4.1666665,1686,1019,100.000+,Keuangan,com.vidn.credit,https://play.google.com/store/apps/details?id=com.vidn.credit&hl=id&gl=id,Indonesia,"e-wallet pinjaman, kredit tanpa agunan, kredit tanpa jaminan, pinjaman rekening koran"
AksesDana – Perantara Pinjaman,RAMACHANDRANTULU,RAMACHANDRANTULU,ramachandrantulu4563@gmail.com,,,4.624359,7770,3081,100.000+,,com.view.akses.dana,https://play.google.com/store/apps/details?id=com.view.akses.dana&hl=id&gl=id,Indonesia,dana talangan
Virgin Money Credit Card,Virgin Money,Virgin+Money,google.developer@virginmoney.com,http://www.virginmoney.com,,,,,1.000.000+,Keuangan,com.virginmoney.cards,https://play.google.com/store/apps/details?id=com.virginmoney.cards&hl=id&gl=id,Indonesia,virtual credit card
Virtual Go Mobile,Virtual Go Mobile,7236176213006820073,cs@virtualgo.id,https://virtualgo.id,,3.966443,1705,1270,100.000+,Keuangan,com.virtual.go,https://play.google.com/store/apps/details?id=com.virtual.go&hl=id&gl=id,Indonesia,"kartu kredit digital, virtual credit card"
Virtual Cards,Online Check Writer,6590696812406305812,support@onlinecheckwriter.com,https://virtualcardmaker.com,,,,,10.000+,,com.virtualcard.app,https://play.google.com/store/apps/details?id=com.virtualcard.app&hl=id&gl=id,Indonesia,virtual credit card
Ada Kredit-Pinjaman Online,Wins Holding,Wins+Holding,winston.developer.sby@gmail.com,https://www.adakredit.com/,,4.668034,27924,4572,100.000+,,com.winston.adkpro,https://play.google.com/store/apps/details?id=com.winston.adkpro&hl=id&gl=id,Indonesia,kredit instan
Adapundi-Pinjaman Dana Cepat,PT. Info Tekno Siaga,PT.+Info+Tekno+Siaga,cs@adapundi.com,,,4.673042,2186926,761229,10.000.000+,Keuangan,com.yinshan.program.banda,https://play.google.com/store/apps/details?id=com.yinshan.program.banda&hl=id&gl=id,Indonesia,"aplikasi cicilan, aplikasi dana tunai, aplikasi kredit, aplikasi kta, aplikasi pinjaman modal usaha, aplikasi pinjaman ojk, aplikasi pinjaman online, cash cepat, cash kilat, cicilan online, dana cepat, dana darurat, dana pinjaman, dana talangan, e-wallet pinjaman, fintech lending, gadai bpkb, gadai online, gadai sertifikat, kredit cepat cair, kredit digital, kredit instan, kredit kilat, kredit multiguna, kredit online, kredit tanpa agunan, kredit tanpa jaminan, peer to peer lending, pinjam uang, pinjam uang cepat, pinjam uang kilat, pinjaman cepat cair, pinjaman cepat tanpa ribet, pinjaman dana, pinjaman harian, pinjaman ibu rumah tangga, pinjaman ilegal, pinjaman instan, pinjaman karyawan, pinjaman kilat, pinjaman ktp saja, pinjaman langsung cair, pinjaman mahasiswa, pinjaman modal kerja, pinjaman modal usaha, pinjaman multiguna, pinjaman online, pinjaman online 24 jam, pinjaman online aman, pinjaman online bunga rendah, pinjaman online legal ojk, pinjaman online resmi, pinjaman online tanpa bi checking, pinjaman online tanpa ktp, pinjaman online tanpa slip gaji, pinjaman online terdaftar ojk, pinjaman online terpercaya, pinjaman pelajar, pinjaman pns, pinjaman tanpa agunan, pinjaman tanpa jaminan, pinjaman tunai, pinjaman umkm, pinjaman usaha kecil, pinjol, pinjol ilegal, pinjol legal, pinjol terdaftar ojk, uang cepat, uang darurat, uang pinjaman"
YPT: Crypto Card & Pay,YPT.COM,5846299350253979030,support@ypt.com,https://www.ypt.com,,3.75,225,4,50.000+,Bisnis,com.ypt.pay,https://play.google.com/store/apps/details?id=com.ypt.pay&hl=id&gl=id,Indonesia,virtual credit card
Yup - VISA & Credit 0%*,PT FINTURE TECH INDONESIA,PT+FINTURE+TECH+INDONESIA,support@yupindonesia.com,http://www.yupindonesia.com,,4.7951345,116920,25225,10.000.000+,Keuangan,com.yup.bank.digital.kartu.kredit.debit.pascabayar.pinjaman.investasi,https://play.google.com/store/apps/details?id=com.yup.bank.digital.kartu.kredit.debit.pascabayar.pinjaman.investasi&hl=id&gl=id,Indonesia,"aplikasi kredit, belanja sekarang bayar nanti, cicilan tanpa kartu kredit, gadai sertifikat, kartu kredit digital, kredit cepat cair, kredit digital, kredit elektronik, kredit hp, kredit instan, kredit multiguna, kredit tanpa agunan, kredit tanpa jaminan, paylater, pinjaman online, virtual credit card"
Money+ Catatan Keuangan Lucu,zotiger studios,zotiger+studios,service@zotiger.com,https://www.zotiger.com,,4.8671393,123675,6952,1.000.000+,Keuangan,com.zotiger.accountbook,https://play.google.com/store/apps/details?id=com.zotiger.accountbook&hl=id&gl=id,Indonesia,uang darurat
Dana Prima,Koperasi Serba Usaha Mitra Buah Abadi,Koperasi+Serba+Usaha+Mitra+Buah+Abadi,developer@ksumitrabuahabadi.id,,,4.037992,6854,2318,500.000+,,dana.pinjam.online.kredi.aku.prima,https://play.google.com/store/apps/details?id=dana.pinjam.online.kredi.aku.prima&hl=id&gl=id,Indonesia,dana darurat
Niyo: Global cards for travel,Finnew Solutions Pvt. Ltd.,9202107970257509120,global-dev@goniyo.com,https://goniyo.com?utm_source=google_playstore&utm_medium=organic&utm_campaign=app_listing,,4.25,52602,3,1.000.000+,Keuangan,finance.global.travel.niyo,https://play.google.com/store/apps/details?id=finance.global.travel.niyo&hl=id&gl=id,Indonesia,virtual credit card
Dana Pinjam-Pinjaman Daring,PT Ikhsan Husni Abbiyyu,PT+Ikhsan+Husni+Abbiyyu,Wallpaper@ikhsanhusniabbiyyu.com,https://www.ikhsanhusniabbiyyu.com,,4.5462847,53208,7882,500.000+,Keuangan,gbid.pengosekan02,https://play.google.com/store/apps/details?id=gbid.pengosekan02&hl=id&gl=id,Indonesia,"aplikasi dana tunai, dana darurat, dana pinjaman, dana talangan, pinjaman dana"
Livin' by Mandiri,PT Bank Mandiri (Persero) Tbk,PT+Bank+Mandiri+(Persero)+Tbk,mandiricare@bankmandiri.co.id,https://bmri.id/livin,,4.145754,719048,310513,50.000.000+,Keuangan,id.bmri.livin,https://play.google.com/store/apps/details?id=id.bmri.livin&hl=id&gl=id,Indonesia,kartu kredit digital
Cashcash Pro-Uang Kilat,PT. Digital Kuantum Teknologi,PT.+Digital+Kuantum+Teknologi,cashcash@cashcashprivacy.com,https://cashcashpro.id/,,4.7782707,252946,106757,5.000.000+,,id.cashcash.pro.app,https://play.google.com/store/apps/details?id=id.cashcash.pro.app&hl=id&gl=id,Indonesia,"aplikasi dana tunai, cash cepat, cash kilat, kredit kilat, pinjam uang kilat, pinjaman kilat"
adiraku – Kredit & Pinjaman,PT Adira Dinamika Multi Finance Tbk.,PT+Adira+Dinamika+Multi+Finance+Tbk.,customercare@adira.co.id,https://www.adira.co.id,,4.9013805,85141,45132,5.000.000+,Keuangan,id.co.adira.adiraku,https://play.google.com/store/apps/details?id=id.co.adira.adiraku&hl=id&gl=id,Indonesia,"aplikasi kredit, aplikasi pinjaman online, fintech lending, gadai bpkb, gadai sertifikat, kredit cepat cair, kredit motor online, pinjam uang, pinjaman dana, pinjaman karyawan, pinjaman ktp saja, pinjaman online, pinjol legal"
Amar Bank Bisnis: Kredit UMKM,PT Bank Amar Indonesia Tbk.,7651433249565482955,support@amarbank.co.id,https://amarbank.co.id/,,4.4827585,87,35,10.000+,Keuangan,id.co.amarbank.smb,https://play.google.com/store/apps/details?id=id.co.amarbank.smb&hl=id&gl=id,Indonesia,"pinjaman umkm, pinjaman usaha kecil"
SeaBank,SeaBank Indonesia,SeaBank+Indonesia,cs@seabank.co.id,https://www.seabank.co.id/,,4.8416224,3652850,419158,50.000.000+,Keuangan,id.co.bankbkemobile.digitalbank,https://play.google.com/store/apps/details?id=id.co.bankbkemobile.digitalbank&hl=id&gl=id,Indonesia,"aplikasi pinjaman online, pinjaman rekening koran"
BFI Mobile - Pinjaman Dana,"PT. BFI Finance Indonesia, Tbk","PT.+BFI+Finance+Indonesia,+Tbk",customercare@bfi.co.id,https://www.bfi.co.id,,4.7102804,921,490,100.000+,Keuangan,id.co.bfi.customer,https://play.google.com/store/apps/details?id=id.co.bfi.customer&hl=id&gl=id,Indonesia,"aplikasi kredit, aplikasi kta, aplikasi pinjaman modal usaha, fintech lending, fintech pendanaan, gadai bpkb, gadai sertifikat, kredit cepat cair, kredit motor online, kredit multiguna, pinjaman cepat tanpa ribet, pinjaman dana, pinjaman instan, pinjaman mahasiswa, pinjaman modal kerja, pinjaman modal usaha, pinjaman multiguna, pinjol terdaftar ojk"
Pinang Flexi,PT Bank Raya Indonesia Tbk.,5830525976261648564,pinang@briagro.co.id,https://getpinang.com/,,4.6024,37484,28922,1.000.000+,Keuangan,id.co.bri.pinang,https://play.google.com/store/apps/details?id=id.co.bri.pinang&hl=id&gl=id,Indonesia,"gadai sertifikat, pinjaman multiguna"
Danacita - Cicilan Pendidikan,Erudifi PTE Ltd,Erudifi+PTE+Ltd,info@danacita.com,https://danacita.co.id/,,3.26,848,417,100.000+,Keuangan,id.co.danacita.app,https://play.google.com/store/apps/details?id=id.co.danacita.app&hl=id&gl=id,Indonesia,pinjaman mahasiswa
FIFGO: Pembiayaan Mudah,FIFGROUP DEV. TEAM,8734262251178562538,hello.fifgroup@gmail.com,http://www.fifgroup.co.id,,2.7514606,18844,10589,1.000.000+,Keuangan,id.co.fifgroup,https://play.google.com/store/apps/details?id=id.co.fifgroup&hl=id&gl=id,Indonesia,"aplikasi kredit, kredit elektronik, kredit hp, kredit motor online, kredit multiguna, pinjaman multiguna"
Home Credit-Pinjaman & Kredit,PT Home Credit Indonesia,PT+Home+Credit+Indonesia,care@homecredit.co.id,https://www.homecredit.co.id,,4.4812613,713788,246669,10.000.000+,Keuangan,id.co.myhomecredit,https://play.google.com/store/apps/details?id=id.co.myhomecredit&hl=id&gl=id,Indonesia,"aplikasi cicilan, aplikasi kredit, aplikasi pinjaman online, cicilan online, cicilan tanpa kartu kredit, fintech lending, kredit cepat cair, kredit digital, kredit elektronik, kredit hp, kredit instan, kredit motor online, kredit multiguna, kredit online, kredit tanpa agunan, kredit tanpa jaminan, paylater, pinjam uang, pinjaman dana, pinjaman ibu rumah tangga, pinjaman karyawan, pinjaman ktp saja, pinjaman multiguna, pinjaman online, pinjaman online bunga rendah, pinjaman online resmi, pinjol legal"
Toko Emas J5Ismoyo,J5Ismoyo,J5Ismoyo,support@tokoemasj5ismoyo.com,https://tokoemasj5ismoyo.com,,4.3861384,710,372,100.000+,Keuangan,id.co.semar,https://play.google.com/store/apps/details?id=id.co.semar&hl=id&gl=id,Indonesia,cicil emas
"Atome ID-Shop Smart, Earn More",Shopintar,Shopintar,support@atome.id,,,4.4434996,317299,95951,5.000.000+,Belanja,id.co.shopintar,https://play.google.com/store/apps/details?id=id.co.shopintar&hl=id&gl=id,Indonesia,paylater
DANA Dompet Digital Indonesia,PT Espay Debit Indonesia Koe,PT+Espay+Debit+Indonesia+Koe,help@dana.id,https://www.dana.id,,4.6971674,10317576,2321589,100.000.000+,Keuangan,id.dana,https://play.google.com/store/apps/details?id=id.dana&hl=id&gl=id,Indonesia,"aplikasi dana tunai, dana cepat, dana darurat, dana talangan, dompet digital pinjaman, e-wallet pinjaman, paylater, uang darurat, virtual credit card"
Flip: Transfer & Cashback,PT Fliptech Lentera Inspirasi Pertiwi,6535008663750970381,hello@flip.id,https://flip.id,,4.7254806,724427,239812,10.000.000+,Keuangan,id.flip,https://play.google.com/store/apps/details?id=id.flip&hl=id&gl=id,Indonesia,"bayar nanti, belanja sekarang bayar nanti"
Sentuh Tanahku,Kementerian Agraria Dan Tata Ruang/ BPN,Kementerian+Agraria+Dan+Tata+Ruang/+BPN,pusdatin.atr@gmail.com,https://www.atrbpn.go.id,,4.7635326,49352,23480,1.000.000+,Produktivitas,id.go.bpn.sentuh,https://play.google.com/store/apps/details?id=id.go.bpn.sentuh&hl=id&gl=id,Indonesia,gadai sertifikat
SAPA UMKM,"KEMENTERIAN USAHA MIKRO, KECIL, DAN MENENGAH","KEMENTERIAN+USAHA+MIKRO,+KECIL,+DAN+MENENGAH",sapa@umkm.go.id,,,4.012987,77,50,10.000+,,id.go.umkm.sapa,https://play.google.com/store/apps/details?id=id.go.umkm.sapa&hl=id&gl=id,Indonesia,pinjaman umkm
IVOJI: Pinjaman tanpa ribet,PT Finansia Aira Teknologi,PT+Finansia+Aira+Teknologi,customer@ivoji.id,https://www.ivoji.id,,4.5068603,209855,108170,5.000.000+,Keuangan,id.ivoji,https://play.google.com/store/apps/details?id=id.ivoji&hl=id&gl=id,Indonesia,"fintech pendanaan, gadai sertifikat, peer to peer lending, pinjaman cepat tanpa ribet, pinjaman harian, pinjaman ibu rumah tangga, pinjaman instan, pinjaman mahasiswa, pinjaman modal kerja, pinjaman modal usaha"
Qazwa - P2P Syariah Financing,PT. Qazwa Mitra Hasanah,PT.+Qazwa+Mitra+Hasanah,contact@qazwa.id,https://qazwa.id,,4.3,609,361,100.000+,,id.qazwa.mobile,https://play.google.com/store/apps/details?id=id.qazwa.mobile&hl=id&gl=id,Indonesia,p2p lending
GSI - Gadai Syariah Indonesia,PT. Gadai Syariah Indonesia,5594650565702285456,gadaisyariahindonesia@gmail.com,https://www.gadaisyariah.co.id,,3.6915889,145,108,10.000+,Keuangan,id.sharia.gadai,https://play.google.com/store/apps/details?id=id.sharia.gadai&hl=id&gl=id,Indonesia,"gadai emas online, gadai online, gadai sertifikat"
NexaPinjam - Pinjaman Daring,PT TEKNOVATE WEST JAVA,PT+TEKNOVATE+WEST+JAVA,layanan@teknovate.id,https://www.teknovate.id,,4.265714,3153,899,50.000+,Keuangan,id.teknovate.nexapinjam,https://play.google.com/store/apps/details?id=id.teknovate.nexapinjam&hl=id&gl=id,Indonesia,pinjaman pns
Dana Yuk-Pinjaman Online,Turu Hotels,7156689399560156686,turudevs@gmail.com,https://www.pinjamkredit.com/,,4.7216945,84698,13260,1.000.000+,,id.turu.mobile,https://play.google.com/store/apps/details?id=id.turu.mobile&hl=id&gl=id,Indonesia,"aplikasi dana tunai, aplikasi pinjaman modal usaha, dana darurat, dana pinjaman, dana talangan"
Gadai ValueMax - Pergadaian,PT Gadai ValueMax Indonesia,8932151018415693931,cs@valuemax.co.id,https://valuemax.co.id/,,4.3513513,37,16,10.000+,Keuangan,id.valuemax.customer,https://play.google.com/store/apps/details?id=id.valuemax.customer&hl=id&gl=id,Indonesia,"gadai bpkb, gadai online, gadai sertifikat"
Noriba – Belanja Bayar Cicil,VISICLOUD,VISICLOUD,salam@visisyariahumat.co.id,https://speedpay.id/,,3.590164,61,34,5.000+,Belanja,id.visi.speedpay,https://play.google.com/store/apps/details?id=id.visi.speedpay&hl=id&gl=id,Indonesia,belanja sekarang bayar nanti
YesssCredit,yessscredit,yessscredit,tanya@cs.yessscredit.id,https://www.yessscredit.id,,4.1125402,3117,1462,1.000.000+,Keuangan,id.yessscredit.kredit.pinjaman.cicilan,https://play.google.com/store/apps/details?id=id.yessscredit.kredit.pinjaman.cicilan&hl=id&gl=id,Indonesia,"aplikasi kredit, cicilan tanpa kartu kredit, fintech pendanaan, gadai sertifikat, kartu kredit digital, kredit elektronik, kredit hp, kredit instan, kredit kilat, kredit motor online, kredit multiguna, kredit tanpa agunan, kredit tanpa jaminan"
Dana Cepat,KOPERASI SIMPAN PINJAM PERMATA UTAMA,KOPERASI+SIMPAN+PINJAM+PERMATA+UTAMA,admin@ksppermatautama.com,http://www.ksppermatautama.com,,3.8214285,6369,2599,500.000+,,ina.dana.cepat.com,https://play.google.com/store/apps/details?id=ina.dana.cepat.com&hl=id&gl=id,Indonesia,"aplikasi dana tunai, dana cepat, dana darurat, uang cepat"
Akulaku--Pinjaman Online Cepat,PT. Akulaku Silvrr Indonesia,PT.+Akulaku+Silvrr+Indonesia,cs.id@akulaku.com,http://akulaku.com,,4.5341573,3450142,1456588,100.000.000+,Belanja,io.silvrr.installment,https://play.google.com/store/apps/details?id=io.silvrr.installment&hl=id&gl=id,Indonesia,"aplikasi cicilan, aplikasi kredit, aplikasi pinjaman ojk, aplikasi pinjaman online, bayar nanti, belanja sekarang bayar nanti, cash cepat, cicilan online, cicilan tanpa kartu kredit, dana pinjaman, fintech lending, gadai sertifikat, kredit cepat cair, kredit digital, kredit elektronik, kredit hp, kredit online, paylater, pinjam uang, pinjam uang cepat, pinjaman cepat cair, pinjaman cepat tanpa ribet, pinjaman dana, pinjaman harian, pinjaman ibu rumah tangga, pinjaman ilegal, pinjaman instan, pinjaman karyawan, pinjaman ktp saja, pinjaman langsung cair, pinjaman mahasiswa, pinjaman modal kerja, pinjaman modal usaha, pinjaman multiguna, pinjaman online, pinjaman online 24 jam, pinjaman online aman, pinjaman online bunga rendah, pinjaman online legal ojk, pinjaman online resmi, pinjaman online tanpa bi checking, pinjaman online tanpa ktp, pinjaman online terdaftar ojk, pinjaman online terpercaya, pinjaman pelajar, pinjaman tanpa jaminan, pinjaman tunai, pinjaman usaha kecil, pinjol, pinjol legal, pinjol terdaftar ojk, uang cepat, uang pinjaman"
PinjamKilat,ethan﻿1﻿2﻿3,ethan%EF%BB%BF1%EF%BB%BF2%EF%BB%BF3,pinjamkilatcs@outlook.com,,,4.690094,17103,3540,500.000+,Keuangan,kilat.jioh.pinjam.jfoe.aaa,https://play.google.com/store/apps/details?id=kilat.jioh.pinjam.jfoe.aaa&hl=id&gl=id,Indonesia,"cash kilat, kredit kilat, pinjam uang kilat, pinjaman kilat"
KOPISUSU-Pinjaman&Tabungan,Koperasi Simpan Pinjam Pilihan Sahabat Semua,Koperasi+Simpan+Pinjam+Pilihan+Sahabat+Semua,johanolav2005@gmail.com,,,4.564336,109844,20048,1.000.000+,Keuangan,kopisusu.pinjaman.tabungan.anggotau,https://play.google.com/store/apps/details?id=kopisusu.pinjaman.tabungan.anggotau&hl=id&gl=id,Indonesia,pinjaman ibu rumah tangga
DanaBagus,PT DANA BAGUS INDONESIA,7209339098406353344,hallo@danabagus.id,https://danabagus.id,,4.0686193,11929,4844,500.000+,Keuangan,mobile.danabagus.android,https://play.google.com/store/apps/details?id=mobile.danabagus.android&hl=id&gl=id,Indonesia,"fintech pendanaan, p2p lending, pinjaman multiguna"
e.PN - Virtual Cards,Digital Waves LTD,Digital+Waves+LTD,support@epn.net,https://e.pn/,,,,,50.000+,,net.epn.android,https://play.google.com/store/apps/details?id=net.epn.android&hl=id&gl=id,Indonesia,virtual credit card
Bayarind,PT. Bayarind Artha Internusa,6915649371705614158,caren@bayarind.id,http://www.bayarind.id,,3.83,699,406,10.000+,Keuangan,net.sprintasia.ewallet,https://play.google.com/store/apps/details?id=net.sprintasia.ewallet&hl=id&gl=id,Indonesia,bayar nanti
VirtualCards - Loyalty Wallet,Virtual Cards SRL,5981692610893241187,contact@virtualcardsapp.com,http://www.virtualcardsapp.com/,,4.3333335,34403,7,1.000.000+,Belanja,ro.activesoft.virtualcard,https://play.google.com/store/apps/details?id=ro.activesoft.virtualcard&hl=id&gl=id,Indonesia,virtual credit card
Simulasi Kredit Motor,O&C CONSTRUCTION INC,O%26C+CONSTRUCTION+INC,Andirushadi35@gmail.com,,,,,,100+,,simulasi.kredit.motor,https://play.google.com/store/apps/details?id=simulasi.kredit.motor&hl=id&gl=id,Indonesia,kredit motor online
Danaku - Pinjaman Cepat & Aman,PT Trust Teknologi Finansial,PT+Trust+Teknologi+Finansial,trustiqcustomerservice@gmail.com,,,4.826696,311126,54324,1.000.000+,Keuangan,turstiq.id.fintech,https://play.google.com/store/apps/details?id=turstiq.id.fintech&hl=id&gl=id,Indonesia,"aplikasi dana tunai, dana cepat, dana darurat, dana talangan, pinjaman instan"
